-303.0,-303.0,-303.0,-303.0,-303.0,-303.0,-303.0,-303.0,-303.0,-303.0,-303.0,-303.0,-315.0,-315.0,-305.0,-311.0,-311.0,-303.0,-312.0,-314.0,-314.0,-314.0,-314.0,-314.0,-308.0,-301.0,-305.0,-300.0,-297.0,-296.0,-309.0,-324.0,-324.0,-324.0,-317.0,-309.0,-299.0,-300.0,-300.0,-312.0,-312.0,-312.0,-312.0,-312.0,-326.0,-316.0,-307.0,-314.0,-309.0,-314.0,-314.0,-314.0,-310.0,-328.0,-304.0,-317.0,-317.0,-317.0,-317.0,-306.0,-306.0,-330.0,-326.0,-316.0,-308.0,-308.0,-318.0,-300.0,-329.0,-329.0,-329.0,-336.0,-325.0,-323.0,-321.0,-321.0,-321.0,-321.0,-321.0,-322.0,-329.0,-330.0,-331.0,-341.0,-341.0,-335.0,-319.0,-333.0,-329.0,-329.0,-329.0,-329.0,-330.0,-330.0,-330.0,-330.0,-307.0,-307.0,-323.0,-323.0,-318.0,-318.0,-318.0,-318.0,-318.0,-318.0,-318.0,-320.0,-310.0,-309.0,-307.0,-307.0,-307.0,-307.0,-308.0,-316.0,-310.0,-311.0,-307.0,-289.0,-289.0,-289.0,-289.0,-289.0,-289.0,-307.0,-307.0,-305.0,-312.0,-293.0,-299.0,-299.0,-299.0,-299.0,-311.0,-311.0,-311.0,-314.0,-309.0,-314.0,-302.0,-298.0,-310.0,-308.0,-308.0,-297.0,-297.0,-308.0,-306.0,-313.0,-313.0,-297.0,-288.0,-284.0,-284.0,-301.0,-291.0,-317.0,-311.0,-308.0,-308.0,-308.0,-308.0,-310.0,-310.0,-300.0,-305.0,-311.0,-305.0,-304.0,-308.0,-308.0,-307.0,-308.0,-312.0,-313.0,-321.0,-321.0,-330.0,-316.0,-309.0,-305.0,-306.0,-306.0,-306.0,-300.0,-300.0,-302.0,-305.0,-296.0,-306.0,-300.0,-300.0,-300.0,-297.0,-294.0,-293.0,-293.0,-299.0,-286.0,-295.0,-303.0,-303.0,-303.0,-305.0,-313.0,-304.0,-289.0,-291.0,-291.0,-288.0,-277.0,-300.0,-315.0,-315.0,-315.0,-314.0,-305.0,-316.0,-316.0,-301.0,-301.0,-301.0,-301.0,-301.0,-305.0,-312.0,-299.0,-299.0,-310.0,-310.0,-310.0,-308.0,-317.0,-314.0,-316.0,-313.0,-313.0,-313.0,-309.0,-311.0,-307.0,-306.0,-307.0,-306.0,-314.0,-316.0,-305.0,-302.0,-302.0,-308.0,-314.0,-303.0,-301.0,-314.0,-312.0,-309.0,-315.0,-313.0,-304.0,-302.0,-302.0,-300.0,-304.0,-303.0,-293.0,-300.0,-300.0,-300.0,-300.0,-300.0,-300.0,-300.0,-300.0,-294.0,-276.0,-294.0,-294.0,-294.0,-294.0,-294.0,-285.0,-295.0,-289.0,-289.0,-296.0,-292.0,-283.0,-283.0,-283.0,-295.0,-294.0,-294.0,-304.0,-321.0,-317.0,-307.0,-304.0,-303.0,-297.0,-294.0,-306.0,-311.0,-297.0,-291.0,-295.0,-295.0,-295.0,-304.0,-303.0,-295.0,-287.0,-287.0,-287.0,-284.0,-290.0,-287.0,-299.0,-296.0,-286.0,-286.0,-286.0,-295.0,-286.0,-286.0,-288.0,-302.0,-311.0,-306.0,-301.0,-301.0,-305.0,-303.0,-304.0,-312.0,-293.0,-310.0,-300.0,-300.0,-300.0,-300.0,-300.0,-303.0,-303.0,-295.0,-279.0,-288.0,-297.0,-297.0,-303.0,-297.0,-307.0,-302.0,-302.0,-302.0,-302.0,-302.0,-302.0,-312.0,-312.0,-312.0,-312.0,-312.0,-309.0,-309.0,-289.0,-302.0,-309.0,-301.0,-301.0,-299.0,-316.0,-316.0,-298.0,-293.0,-296.0,-294.0,-293.0,-297.0,-296.0,-297.0,-304.0,-297.0,-288.0
-302.0,-255.0,-259.0,-251.0,-256.0,-259.0,-254.0,-248.0,-259.0,-255.0,-255.0,-252.0,-249.0,-261.0,-270.0,-265.0,-261.0,-259.0,-262.0,-262.0,-258.0,-249.0,-244.0,-244.0,-244.0,-244.0,-244.0,-248.0,-248.0,-268.0,-275.0,-256.0,-258.0,-262.0,-262.0,-262.0,-262.0,-262.0,-255.0,-244.0,-238.0,-242.0,-242.0,-242.0,-254.0,-254.0,-254.0,-250.0,-247.0,-265.0,-265.0,-268.0,-252.0,-256.0,-256.0,-257.0,-261.0,-259.0,-256.0,-265.0,-265.0,-255.0,-256.0,-258.0,-258.0,-239.0,-247.0,-247.0,-261.0,-269.0,-267.0,-257.0,-257.0,-257.0,-246.0,-249.0,-253.0,-245.0,-245.0,-260.0,-259.0,-255.0,-255.0,-255.0,-249.0,-251.0,-249.0,-247.0,-251.0,-260.0,-256.0,-258.0,-250.0,-250.0,-250.0,-250.0,-250.0,-250.0,-250.0,-247.0,-247.0,-257.0,-256.0,-251.0,-251.0,-251.0,-256.0,-257.0,-252.0,-247.0,-252.0,-257.0,-234.0,-245.0,-240.0,-240.0,-258.0,-245.0,-236.0,-228.0,-214.0,-225.0,-244.0,-244.0,-244.0,-246.0,-248.0,-233.0,-233.0,-233.0,-238.0,-236.0,-237.0,-240.0,-240.0,-240.0,-256.0,-237.0,-241.0,-248.0,-258.0,-258.0,-258.0,-258.0,-258.0,-248.0,-253.0,-257.0,-245.0,-248.0,-241.0,-233.0,-239.0,-239.0,-239.0,-239.0,-252.0,-255.0,-255.0,-245.0,-247.0,-245.0,-235.0,-233.0,-233.0,-233.0,-233.0,-233.0,-237.0,-243.0,-245.0,-257.0,-252.0,-236.0,-240.0,-240.0,-240.0,-240.0,-234.0,-254.0,-232.0,-240.0,-240.0,-240.0,-233.0,-235.0,-226.0,-224.0,-237.0,-245.0,-245.0,-245.0,-245.0,-253.0,-258.0,-246.0,-238.0,-234.0,-234.0,-234.0,-229.0,-243.0,-251.0,-243.0,-259.0,-274.0,-264.0,-256.0,-260.0,-262.0,-258.0,-256.0,-256.0,-260.0,-261.0,-259.0,-259.0,-245.0,-234.0,-235.0,-237.0,-241.0,-256.0,-265.0,-262.0,-252.0,-248.0,-253.0,-249.0,-236.0,-232.0,-235.0,-235.0,-240.0,-249.0,-259.0,-244.0,-250.0,-252.0,-246.0,-249.0,-248.0,-246.0,-246.0,-245.0,-243.0,-256.0,-258.0,-255.0,-253.0,-256.0,-256.0,-245.0,-242.0,-242.0,-259.0,-269.0,-263.0,-270.0,-270.0,-255.0,-255.0,-255.0,-256.0,-250.0,-260.0,-268.0,-268.0,-262.0,-258.0,-262.0,-266.0,-254.0,-259.0,-256.0,-253.0,-261.0,-268.0,-265.0,-265.0,-258.0,-258.0,-258.0,-265.0,-265.0,-265.0,-265.0,-265.0,-265.0,-265.0,-265.0,-243.0,-243.0,-243.0,-243.0,-239.0,-244.0,-257.0,-251.0,-256.0,-256.0,-256.0,-257.0,-239.0,-256.0,-258.0,-257.0,-258.0,-263.0,-263.0,-263.0,-267.0,-265.0,-264.0,-272.0,-272.0,-256.0,-256.0,-261.0,-263.0,-262.0,-267.0,-262.0,-262.0,-253.0,-253.0,-253.0,-258.0,-256.0,-258.0,-258.0,-264.0,-262.0,-255.0,-247.0,-247.0,-247.0,-247.0,-255.0,-259.0,-259.0,-259.0,-279.0,-274.0,-274.0,-256.0,-258.0,-258.0,-258.0,-258.0,-261.0,-243.0,-242.0,-243.0,-245.0,-245.0,-245.0,-243.0,-243.0,-258.0,-257.0,-251.0,-245.0,-255.0,-255.0,-255.0,-270.0,-258.0,-238.0,-244.0,-261.0,-255.0,-257.0,-257.0,-257.0,-257.0,-257.0,-257.0,-257.0,-257.0,-257.0,-265.0,-263.0,-263.0
-253.0,-253.0,-253.0,-253.0,-250.0,-261.0,-264.0,-258.0,-262.0,-262.0,-266.0,-267.0,-267.0,-267.0,-267.0,-260.0,-261.0,-267.0,-254.0,-260.0,-261.0,-261.0,-261.0,-261.0,-270.0,-261.0,-261.0,-261.0,-261.0,-264.0,-262.0,-253.0,-253.0,-253.0,-256.0,-256.0,-256.0,-256.0,-251.0,-246.0,-258.0,-248.0,-250.0,-246.0,-248.0,-264.0,-272.0,-253.0,-253.0,-253.0,-255.0,-255.0,-255.0,-247.0,-247.0,-256.0,-267.0,-267.0,-267.0,-267.0,-267.0,-267.0,-267.0,-267.0,-267.0,-267.0,-244.0,-260.0,-271.0,-254.0,-263.0,-268.0,-256.0,-257.0,-257.0,-257.0,-257.0,-257.0,-257.0,-265.0,-262.0,-253.0,-259.0,-249.0,-283.0,-248.0,-253.0,-253.0,-253.0,-253.0,-253.0,-272.0,-245.0,-253.0,-268.0,-268.0,-256.0,-264.0,-268.0,-268.0,-268.0,-246.0,-246.0,-268.0,-280.0,-267.0,-269.0,-271.0,-258.0,-258.0,-253.0,-265.0,-269.0,-269.0,-269.0,-269.0,-269.0,-269.0,-269.0,-270.0,-270.0,-270.0,-270.0,-270.0,-270.0,-270.0,-261.0,-261.0,-281.0,-269.0,-244.0,-249.0,-249.0,-261.0,-268.0,-265.0,-258.0,-258.0,-258.0,-271.0,-279.0,-269.0,-257.0,-263.0,-281.0,-272.0,-264.0,-270.0,-289.0,-263.0,-268.0,-279.0,-271.0,-268.0,-268.0,-265.0,-265.0,-265.0,-270.0,-288.0,-276.0,-266.0,-268.0,-285.0,-286.0,-266.0,-272.0,-281.0,-259.0,-259.0,-283.0,-283.0,-283.0,-270.0,-268.0,-273.0,-270.0,-262.0,-262.0,-262.0,-260.0,-258.0,-267.0,-275.0,-290.0,-291.0,-293.0,-290.0,-272.0,-282.0,-305.0,-305.0,-288.0,-263.0,-262.0,-266.0,-266.0,-257.0,-266.0,-294.0,-299.0,-282.0,-283.0,-284.0,-269.0,-269.0,-260.0,-261.0,-274.0,-286.0,-283.0,-283.0,-283.0,-276.0,-276.0,-277.0,-265.0,-272.0,-294.0,-289.0,-263.0,-256.0,-277.0,-294.0,-294.0,-282.0,-276.0,-276.0,-281.0,-281.0,-270.0,-266.0,-281.0,-281.0,-281.0,-271.0,-290.0,-301.0,-286.0,-286.0,-294.0,-280.0,-280.0,-255.0,-259.0,-266.0,-274.0,-285.0,-299.0,-305.0,-305.0,-298.0,-280.0,-268.0,-281.0,-281.0,-281.0,-281.0,-281.0,-281.0,-281.0,-281.0,-281.0,-281.0,-281.0,-307.0,-307.0,-307.0,-302.0,-269.0,-269.0,-269.0,-274.0,-274.0,-283.0,-271.0,-271.0,-284.0,-282.0,-275.0,-274.0,-264.0,-260.0,-260.0,-286.0,-286.0,-286.0,-286.0,-266.0,-278.0,-273.0,-273.0,-273.0,-273.0,-272.0,-264.0,-270.0,-283.0,-283.0,-283.0,-269.0,-282.0,-282.0,-280.0,-280.0,-280.0,-274.0,-274.0,-274.0,-286.0,-279.0,-277.0,-277.0,-277.0,-281.0,-273.0,-287.0,-294.0,-288.0,-272.0,-285.0,-285.0,-285.0,-290.0,-288.0,-288.0,-288.0,-280.0,-284.0,-290.0,-290.0,-286.0,-267.0,-267.0,-267.0,-263.0,-263.0,-263.0,-268.0,-268.0,-287.0,-277.0,-258.0,-256.0,-256.0,-277.0,-268.0,-266.0,-279.0,-283.0,-272.0,-272.0,-270.0,-270.0,-270.0,-270.0,-270.0,-285.0,-260.0,-260.0,-272.0,-272.0,-272.0,-272.0,-270.0,-265.0,-286.0,-283.0,-278.0,-281.0,-276.0,-266.0,-271.0,-270.0,-277.0,-300.0,-293.0,-270.0,-278.0,-292.0,-287.0,-287.0,-270.0,-278.0
-250.0,-250.0,-250.0,-250.0,-250.0,-250.0,-250.0,-250.0,-250.0,-250.0,-250.0,-264.0,-257.0,-262.0,-261.0,-254.0,-263.0,-260.0,-240.0,-244.0,-244.0,-244.0,-260.0,-269.0,-272.0,-277.0,-284.0,-287.0,-274.0,-274.0,-268.0,-276.0,-276.0,-276.0,-269.0,-269.0,-262.0,-257.0,-257.0,-255.0,-255.0,-261.0,-267.0,-273.0,-270.0,-264.0,-264.0,-264.0,-264.0,-264.0,-264.0,-264.0,-264.0,-264.0,-264.0,-264.0,-264.0,-264.0,-264.0,-264.0,-264.0,-264.0,-264.0,-254.0,-255.0,-265.0,-248.0,-265.0,-258.0,-243.0,-247.0,-260.0,-266.0,-266.0,-266.0,-266.0,-255.0,-259.0,-264.0,-260.0,-255.0,-249.0,-249.0,-246.0,-257.0,-260.0,-254.0,-249.0,-249.0,-255.0,-255.0,-255.0,-255.0,-265.0,-251.0,-251.0,-251.0,-244.0,-272.0,-272.0,-272.0,-268.0,-268.0,-242.0,-242.0,-242.0,-242.0,-256.0,-256.0,-256.0,-256.0,-256.0,-261.0,-261.0,-266.0,-266.0,-266.0,-266.0,-262.0,-262.0,-253.0,-248.0,-238.0,-238.0,-238.0,-264.0,-264.0,-264.0,-262.0,-250.0,-249.0,-248.0,-247.0,-245.0,-250.0,-257.0,-246.0,-244.0,-248.0,-248.0,-247.0,-247.0,-247.0,-252.0,-255.0,-268.0,-276.0,-255.0,-255.0,-258.0,-257.0,-257.0,-257.0,-257.0,-257.0,-242.0,-242.0,-242.0,-275.0,-275.0,-275.0,-275.0,-273.0,-271.0,-271.0,-271.0,-271.0,-271.0,-271.0,-271.0,-261.0,-246.0,-268.0,-261.0,-255.0,-268.0,-268.0,-268.0,-270.0,-272.0,-265.0,-252.0,-249.0,-249.0,-249.0,-249.0,-260.0,-260.0,-257.0,-241.0,-241.0,-241.0,-256.0,-256.0,-255.0,-261.0,-263.0,-255.0,-255.0,-255.0,-255.0,-255.0,-255.0,-255.0,-255.0,-255.0,-255.0,-255.0,-255.0,-268.0,-263.0,-263.0,-249.0,-274.0,-262.0,-265.0,-264.0,-264.0,-264.0,-264.0,-270.0,-271.0,-260.0,-264.0,-258.0,-249.0,-249.0,-262.0,-259.0,-246.0,-246.0,-243.0,-255.0,-255.0,-255.0,-255.0,-256.0,-256.0,-256.0,-247.0,-247.0,-247.0,-264.0,-273.0,-263.0,-245.0,-246.0,-250.0,-274.0,-262.0,-262.0,-244.0,-252.0,-260.0,-260.0,-260.0,-260.0,-260.0,-260.0,-253.0,-252.0,-252.0,-252.0,-258.0,-259.0,-257.0,-257.0,-257.0,-248.0,-248.0,-257.0,-245.0,-250.0,-245.0,-249.0,-262.0,-254.0,-256.0,-252.0,-252.0,-252.0,-243.0,-262.0,-255.0,-251.0,-259.0,-260.0,-255.0,-255.0,-256.0,-250.0,-247.0,-266.0,-273.0,-261.0,-261.0,-257.0,-257.0,-257.0,-257.0,-257.0,-251.0,-254.0,-256.0,-256.0,-273.0,-261.0,-245.0,-248.0,-248.0,-256.0,-253.0,-248.0,-245.0,-240.0,-262.0,-249.0,-241.0,-244.0,-241.0,-240.0,-244.0,-249.0,-249.0,-238.0,-238.0,-238.0,-252.0,-250.0,-250.0,-252.0,-246.0,-245.0,-253.0,-242.0,-241.0,-260.0,-260.0,-254.0,-254.0,-239.0,-239.0,-239.0,-239.0,-239.0,-246.0,-258.0,-246.0,-250.0,-262.0,-255.0,-255.0,-255.0,-255.0,-254.0,-241.0,-239.0,-239.0,-243.0,-251.0,-255.0,-251.0,-251.0,-245.0,-256.0,-256.0,-255.0,-256.0,-265.0,-260.0,-251.0,-251.0,-259.0,-256.0,-244.0,-244.0,-244.0,-246.0,-258.0,-256.0,-254.0,-262.0,-254.0,-249.0
-249.0,-219.0,-247.0,-235.0,-221.0,-225.0,-225.0,-209.0,-206.0,-214.0,-220.0,-233.0,-237.0,-230.0,-231.0,-230.0,-218.0,-213.0,-225.0,-228.0,-223.0,-225.0,-229.0,-227.0,-227.0,-239.0,-237.0,-237.0,-237.0,-237.0,-237.0,-230.0,-235.0,-230.0,-232.0,-237.0,-237.0,-237.0,-250.0,-242.0,-241.0,-236.0,-232.0,-232.0,-244.0,-256.0,-255.0,-255.0,-255.0,-255.0,-252.0,-232.0,-233.0,-237.0,-241.0,-238.0,-238.0,-242.0,-251.0,-234.0,-241.0,-241.0,-241.0,-247.0,-244.0,-244.0,-249.0,-248.0,-250.0,-257.0,-257.0,-257.0,-250.0,-257.0,-257.0,-257.0,-260.0,-252.0,-254.0,-254.0,-254.0,-248.0,-252.0,-250.0,-258.0,-266.0,-265.0,-265.0,-265.0,-265.0,-265.0,-262.0,-261.0,-269.0,-270.0,-271.0,-272.0,-272.0,-261.0,-261.0,-261.0,-253.0,-253.0,-253.0,-253.0,-261.0,-268.0,-263.0,-264.0,-271.0,-273.0,-271.0,-271.0,-271.0,-267.0,-275.0,-268.0,-255.0,-256.0,-265.0,-268.0,-268.0,-268.0,-277.0,-281.0,-281.0,-281.0,-281.0,-281.0,-281.0,-270.0,-270.0,-270.0,-278.0,-279.0,-279.0,-279.0,-275.0,-263.0,-267.0,-266.0,-268.0,-282.0,-263.0,-254.0,-268.0,-262.0,-258.0,-264.0,-264.0,-264.0,-264.0,-276.0,-251.0,-251.0,-251.0,-251.0,-251.0,-251.0,-270.0,-270.0,-271.0,-270.0,-275.0,-290.0,-293.0,-293.0,-252.0,-252.0,-255.0,-263.0,-262.0,-273.0,-242.0,-255.0,-255.0,-255.0,-255.0,-265.0,-265.0,-272.0,-277.0,-288.0,-275.0,-263.0,-263.0,-263.0,-265.0,-254.0,-254.0,-258.0,-266.0,-262.0,-255.0,-260.0,-260.0,-260.0,-264.0,-238.0,-259.0,-262.0,-271.0,-266.0,-266.0,-271.0,-271.0,-271.0,-271.0,-257.0,-263.0,-264.0,-264.0,-265.0,-271.0,-263.0,-255.0,-256.0,-259.0,-254.0,-257.0,-271.0,-271.0,-263.0,-263.0,-263.0,-265.0,-265.0,-265.0,-265.0,-265.0,-270.0,-258.0,-258.0,-260.0,-280.0,-280.0,-280.0,-280.0,-280.0,-280.0,-280.0,-288.0,-289.0,-264.0,-264.0,-248.0,-263.0,-263.0,-272.0,-272.0,-278.0,-254.0,-254.0,-251.0,-270.0,-271.0,-258.0,-264.0,-276.0,-276.0,-264.0,-258.0,-263.0,-261.0,-253.0,-260.0,-260.0,-268.0,-260.0,-260.0,-242.0,-269.0,-291.0,-276.0,-259.0,-268.0,-268.0,-276.0,-290.0,-291.0,-286.0,-275.0,-275.0,-272.0,-272.0,-272.0,-272.0,-262.0,-275.0,-275.0,-275.0,-275.0,-275.0,-274.0,-267.0,-276.0,-291.0,-276.0,-276.0,-276.0,-267.0,-257.0,-257.0,-257.0,-257.0,-257.0,-257.0,-257.0,-257.0,-257.0,-257.0,-257.0,-262.0,-276.0,-276.0,-276.0,-294.0,-286.0,-282.0,-297.0,-285.0,-285.0,-285.0,-272.0,-302.0,-302.0,-302.0,-285.0,-285.0,-285.0,-271.0,-295.0,-284.0,-284.0,-284.0,-284.0,-284.0,-273.0,-273.0,-273.0,-273.0,-273.0,-273.0,-273.0,-286.0,-292.0,-286.0,-280.0,-282.0,-287.0,-287.0,-285.0,-281.0,-289.0,-299.0,-301.0,-303.0,-303.0,-303.0,-296.0,-290.0,-290.0,-290.0,-290.0,-290.0,-290.0,-290.0,-290.0,-290.0,-285.0,-285.0,-286.0,-292.0,-286.0,-279.0,-279.0,-279.0,-279.0,-287.0,-291.0,-287.0,-297.0,-287.0,-278.0
-275.0,-275.0,-275.0,-275.0,-275.0,-275.0,-275.0,-275.0,-275.0,-275.0,-275.0,-275.0,-275.0,-277.0,-287.0,-272.0,-271.0,-275.0,-276.0,-276.0,-276.0,-283.0,-285.0,-271.0,-265.0,-267.0,-264.0,-278.0,-285.0,-269.0,-269.0,-284.0,-282.0,-277.0,-277.0,-283.0,-282.0,-271.0,-283.0,-283.0,-277.0,-292.0,-307.0,-301.0,-285.0,-276.0,-286.0,-290.0,-285.0,-285.0,-285.0,-287.0,-283.0,-288.0,-288.0,-288.0,-296.0,-296.0,-288.0,-288.0,-288.0,-288.0,-301.0,-303.0,-288.0,-288.0,-293.0,-303.0,-273.0,-310.0,-290.0,-299.0,-300.0,-294.0,-283.0,-271.0,-271.0,-271.0,-271.0,-271.0,-272.0,-269.0,-278.0,-276.0,-283.0,-287.0,-287.0,-287.0,-287.0,-284.0,-284.0,-284.0,-284.0,-273.0,-284.0,-267.0,-267.0,-267.0,-267.0,-276.0,-286.0,-286.0,-286.0,-289.0,-281.0,-279.0,-279.0,-279.0,-279.0,-279.0,-279.0,-279.0,-279.0,-279.0,-279.0,-282.0,-282.0,-282.0,-282.0,-282.0,-290.0,-290.0,-279.0,-276.0,-278.0,-283.0,-278.0,-280.0,-292.0,-292.0,-292.0,-292.0,-281.0,-281.0,-284.0,-276.0,-270.0,-272.0,-272.0,-280.0,-269.0,-266.0,-264.0,-267.0,-268.0,-268.0,-262.0,-262.0,-262.0,-262.0,-291.0,-291.0,-293.0,-291.0,-275.0,-278.0,-284.0,-277.0,-272.0,-281.0,-289.0,-282.0,-272.0,-272.0,-266.0,-259.0,-260.0,-260.0,-266.0,-266.0,-274.0,-264.0,-269.0,-287.0,-271.0,-270.0,-270.0,-274.0,-258.0,-275.0,-271.0,-271.0,-271.0,-262.0,-278.0,-278.0,-271.0,-271.0,-271.0,-270.0,-247.0,-260.0,-265.0,-274.0,-270.0,-261.0,-261.0,-261.0,-261.0,-263.0,-260.0,-265.0,-272.0,-262.0,-264.0,-261.0,-261.0,-261.0,-261.0,-270.0,-263.0,-263.0,-268.0,-266.0,-264.0,-262.0,-272.0,-272.0,-270.0,-270.0,-270.0,-265.0,-265.0,-253.0,-250.0,-259.0,-265.0,-284.0,-284.0,-284.0,-284.0,-268.0,-260.0,-253.0,-259.0,-267.0,-282.0,-276.0,-269.0,-273.0,-273.0,-273.0,-273.0,-273.0,-268.0,-275.0,-268.0,-268.0,-270.0,-255.0,-270.0,-270.0,-270.0,-270.0,-273.0,-266.0,-267.0,-256.0,-274.0,-274.0,-274.0,-264.0,-264.0,-280.0,-267.0,-264.0,-264.0,-271.0,-262.0,-257.0,-260.0,-259.0,-265.0,-270.0,-260.0,-258.0,-258.0,-256.0,-253.0,-269.0,-265.0,-259.0,-270.0,-276.0,-266.0,-260.0,-261.0,-258.0,-255.0,-259.0,-256.0,-256.0,-269.0,-265.0,-257.0,-252.0,-241.0,-241.0,-241.0,-241.0,-260.0,-260.0,-260.0,-246.0,-233.0,-243.0,-248.0,-243.0,-252.0,-252.0,-252.0,-252.0,-244.0,-244.0,-250.0,-248.0,-243.0,-243.0,-243.0,-236.0,-242.0,-238.0,-237.0,-234.0,-234.0,-234.0,-234.0,-238.0,-238.0,-238.0,-240.0,-243.0,-247.0,-260.0,-260.0,-258.0,-253.0,-256.0,-257.0,-253.0,-238.0,-234.0,-244.0,-253.0,-253.0,-240.0,-240.0,-238.0,-232.0,-243.0,-239.0,-239.0,-239.0,-239.0,-251.0,-251.0,-251.0,-251.0,-240.0,-240.0,-240.0,-240.0,-240.0,-255.0,-245.0,-233.0,-236.0,-236.0,-241.0,-245.0,-261.0,-253.0,-257.0,-249.0,-251.0,-260.0,-246.0,-245.0,-245.0,-245.0,-245.0,-245.0,-245.0,-248.0
-283.0,-273.0,-275.0,-261.0,-261.0,-282.0,-268.0,-266.0,-264.0,-270.0,-272.0,-279.0,-288.0,-290.0,-287.0,-287.0,-287.0,-287.0,-287.0,-287.0,-287.0,-271.0,-271.0,-271.0,-265.0,-271.0,-268.0,-272.0,-284.0,-270.0,-270.0,-270.0,-269.0,-262.0,-250.0,-257.0,-266.0,-272.0,-272.0,-274.0,-276.0,-274.0,-280.0,-273.0,-269.0,-269.0,-272.0,-273.0,-275.0,-284.0,-284.0,-259.0,-269.0,-275.0,-271.0,-271.0,-271.0,-271.0,-269.0,-267.0,-271.0,-273.0,-279.0,-284.0,-281.0,-278.0,-278.0,-283.0,-278.0,-291.0,-261.0,-261.0,-261.0,-261.0,-266.0,-265.0,-279.0,-293.0,-293.0,-291.0,-291.0,-291.0,-265.0,-270.0,-263.0,-263.0,-266.0,-266.0,-266.0,-266.0,-276.0,-292.0,-292.0,-292.0,-292.0,-280.0,-290.0,-297.0,-278.0,-263.0,-281.0,-281.0,-281.0,-281.0,-281.0,-278.0,-286.0,-276.0,-279.0,-289.0,-285.0,-278.0,-282.0,-289.0,-282.0,-278.0,-289.0,-300.0,-300.0,-285.0,-293.0,-306.0,-302.0,-302.0,-280.0,-278.0,-291.0,-311.0,-311.0,-313.0,-298.0,-297.0,-310.0,-294.0,-314.0,-311.0,-307.0,-320.0,-305.0,-307.0,-304.0,-313.0,-313.0,-313.0,-313.0,-313.0,-313.0,-313.0,-309.0,-297.0,-296.0,-296.0,-296.0,-304.0,-309.0,-309.0,-309.0,-309.0,-309.0,-309.0,-309.0,-309.0,-309.0,-309.0,-309.0,-309.0,-309.0,-302.0,-302.0,-312.0,-317.0,-317.0,-306.0,-309.0,-309.0,-312.0,-312.0,-304.0,-309.0,-327.0,-327.0,-327.0,-305.0,-308.0,-303.0,-295.0,-295.0,-295.0,-298.0,-295.0,-289.0,-286.0,-286.0,-286.0,-296.0,-309.0,-309.0,-309.0,-309.0,-309.0,-295.0,-295.0,-306.0,-306.0,-306.0,-306.0,-310.0,-310.0,-310.0,-310.0,-310.0,-310.0,-298.0,-298.0,-298.0,-298.0,-287.0,-287.0,-287.0,-283.0,-283.0,-296.0,-288.0,-282.0,-282.0,-274.0,-274.0,-274.0,-274.0,-280.0,-294.0,-285.0,-302.0,-298.0,-292.0,-287.0,-289.0,-288.0,-280.0,-272.0,-283.0,-290.0,-290.0,-290.0,-290.0,-283.0,-284.0,-284.0,-284.0,-284.0,-284.0,-269.0,-266.0,-276.0,-270.0,-260.0,-269.0,-288.0,-288.0,-291.0,-298.0,-296.0,-286.0,-286.0,-286.0,-297.0,-287.0,-271.0,-272.0,-282.0,-282.0,-282.0,-282.0,-282.0,-282.0,-277.0,-271.0,-266.0,-265.0,-257.0,-257.0,-252.0,-274.0,-294.0,-294.0,-294.0,-294.0,-283.0,-284.0,-272.0,-276.0,-299.0,-288.0,-267.0,-267.0,-271.0,-290.0,-289.0,-286.0,-286.0,-266.0,-266.0,-266.0,-266.0,-266.0,-266.0,-282.0,-280.0,-285.0,-292.0,-282.0,-285.0,-288.0,-278.0,-283.0,-283.0,-284.0,-260.0,-260.0,-260.0,-260.0,-271.0,-274.0,-267.0,-267.0,-268.0,-265.0,-252.0,-254.0,-267.0,-261.0,-258.0,-265.0,-262.0,-260.0,-273.0,-273.0,-280.0,-275.0,-282.0,-282.0,-263.0,-262.0,-262.0,-258.0,-261.0,-261.0,-264.0,-263.0,-279.0,-292.0,-292.0,-292.0,-284.0,-269.0,-273.0,-273.0,-273.0,-294.0,-294.0,-294.0,-294.0,-291.0,-296.0,-297.0,-280.0,-277.0,-272.0,-264.0,-266.0,-273.0,-279.0,-284.0,-279.0,-278.0,-278.0,-273.0,-273.0,-267.0,-267.0,-280.0,-280.0,-280.0,-280.0
-264.0,-264.0,-264.0,-264.0,-264.0,-264.0,-264.0,-264.0,-264.0,-264.0,-264.0,-264.0,-264.0,-246.0,-246.0,-246.0,-251.0,-251.0,-255.0,-255.0,-250.0,-240.0,-228.0,-237.0,-248.0,-248.0,-248.0,-252.0,-251.0,-242.0,-247.0,-253.0,-257.0,-262.0,-262.0,-255.0,-240.0,-245.0,-259.0,-259.0,-259.0,-259.0,-254.0,-254.0,-265.0,-260.0,-256.0,-258.0,-256.0,-256.0,-260.0,-246.0,-246.0,-246.0,-255.0,-255.0,-255.0,-255.0,-265.0,-265.0,-275.0,-273.0,-272.0,-262.0,-252.0,-245.0,-247.0,-257.0,-267.0,-259.0,-246.0,-246.0,-257.0,-253.0,-239.0,-244.0,-244.0,-258.0,-262.0,-253.0,-253.0,-253.0,-253.0,-253.0,-253.0,-247.0,-247.0,-247.0,-255.0,-255.0,-255.0,-255.0,-255.0,-235.0,-255.0,-255.0,-255.0,-261.0,-261.0,-261.0,-244.0,-260.0,-264.0,-253.0,-243.0,-243.0,-249.0,-241.0,-241.0,-241.0,-253.0,-247.0,-237.0,-249.0,-263.0,-253.0,-242.0,-245.0,-248.0,-248.0,-249.0,-228.0,-228.0,-228.0,-248.0,-260.0,-257.0,-247.0,-247.0,-255.0,-255.0,-256.0,-246.0,-234.0,-238.0,-238.0,-246.0,-246.0,-246.0,-238.0,-245.0,-245.0,-245.0,-256.0,-249.0,-246.0,-240.0,-235.0,-235.0,-248.0,-248.0,-248.0,-243.0,-243.0,-243.0,-234.0,-234.0,-243.0,-247.0,-247.0,-249.0,-247.0,-247.0,-246.0,-257.0,-255.0,-248.0,-255.0,-258.0,-258.0,-255.0,-267.0,-267.0,-252.0,-252.0,-252.0,-263.0,-260.0,-260.0,-263.0,-256.0,-254.0,-263.0,-267.0,-253.0,-262.0,-273.0,-273.0,-271.0,-265.0,-263.0,-258.0,-249.0,-248.0,-245.0,-237.0,-234.0,-235.0,-228.0,-218.0,-227.0,-240.0,-232.0,-222.0,-222.0,-237.0,-237.0,-222.0,-222.0,-222.0,-222.0,-222.0,-230.0,-230.0,-230.0,-230.0,-230.0,-235.0,-234.0,-218.0,-216.0,-225.0,-220.0,-224.0,-234.0,-234.0,-224.0,-226.0,-226.0,-226.0,-226.0,-226.0,-226.0,-226.0,-226.0,-226.0,-226.0,-226.0,-221.0,-233.0,-222.0,-222.0,-245.0,-245.0,-246.0,-250.0,-245.0,-245.0,-237.0,-237.0,-237.0,-235.0,-235.0,-235.0,-235.0,-235.0,-235.0,-227.0,-223.0,-226.0,-236.0,-236.0,-234.0,-236.0,-229.0,-225.0,-225.0,-234.0,-234.0,-234.0,-234.0,-234.0,-235.0,-239.0,-231.0,-231.0,-231.0,-232.0,-232.0,-232.0,-232.0,-232.0,-232.0,-228.0,-233.0,-226.0,-221.0,-221.0,-221.0,-229.0,-229.0,-240.0,-227.0,-227.0,-228.0,-227.0,-229.0,-234.0,-226.0,-205.0,-218.0,-240.0,-240.0,-240.0,-240.0,-237.0,-223.0,-232.0,-230.0,-225.0,-233.0,-242.0,-242.0,-242.0,-206.0,-201.0,-201.0,-222.0,-258.0,-267.0,-267.0,-267.0,-239.0,-233.0,-215.0,-215.0,-224.0,-224.0,-214.0,-218.0,-224.0,-226.0,-224.0,-224.0,-224.0,-224.0,-232.0,-218.0,-218.0,-218.0,-218.0,-218.0,-218.0,-218.0,-213.0,-229.0,-221.0,-221.0,-221.0,-224.0,-226.0,-226.0,-225.0,-226.0,-226.0,-219.0,-219.0,-214.0,-225.0,-225.0,-225.0,-227.0,-233.0,-232.0,-222.0,-212.0,-212.0,-212.0,-212.0,-214.0,-214.0,-214.0,-220.0,-230.0,-230.0,-230.0,-230.0,-230.0,-230.0,-230.0,-230.0,-230.0,-225.0,-225.0
-167.0,-175.0,-177.0,-181.0,-180.0,-171.0,-167.0,-182.0,-188.0,-180.0,-180.0,-180.0,-180.0,-180.0,-180.0,-196.0,-192.0,-192.0,-192.0,-193.0,-189.0,-189.0,-198.0,-192.0,-192.0,-192.0,-195.0,-198.0,-195.0,-201.0,-203.0,-201.0,-202.0,-202.0,-202.0,-205.0,-181.0,-181.0,-196.0,-204.0,-196.0,-213.0,-204.0,-194.0,-196.0,-199.0,-201.0,-208.0,-205.0,-196.0,-197.0,-199.0,-207.0,-212.0,-210.0,-212.0,-212.0,-216.0,-219.0,-217.0,-206.0,-202.0,-213.0,-213.0,-210.0,-225.0,-206.0,-217.0,-233.0,-233.0,-233.0,-199.0,-200.0,-207.0,-207.0,-207.0,-207.0,-189.0,-194.0,-212.0,-212.0,-201.0,-201.0,-195.0,-195.0,-203.0,-199.0,-205.0,-223.0,-222.0,-222.0,-220.0,-198.0,-198.0,-198.0,-215.0,-215.0,-217.0,-217.0,-222.0,-217.0,-207.0,-201.0,-199.0,-196.0,-200.0,-205.0,-205.0,-204.0,-204.0,-210.0,-223.0,-215.0,-200.0,-200.0,-202.0,-209.0,-205.0,-208.0,-213.0,-220.0,-232.0,-219.0,-204.0,-204.0,-210.0,-199.0,-202.0,-208.0,-214.0,-216.0,-211.0,-206.0,-206.0,-211.0,-211.0,-211.0,-211.0,-211.0,-210.0,-213.0,-209.0,-211.0,-211.0,-206.0,-206.0,-206.0,-202.0,-197.0,-193.0,-204.0,-206.0,-206.0,-206.0,-213.0,-222.0,-217.0,-217.0,-217.0,-217.0,-217.0,-217.0,-217.0,-199.0,-199.0,-199.0,-223.0,-223.0,-223.0,-223.0,-223.0,-223.0,-223.0,-223.0,-211.0,-211.0,-211.0,-211.0,-211.0,-211.0,-217.0,-217.0,-225.0,-216.0,-216.0,-205.0,-210.0,-204.0,-200.0,-201.0,-209.0,-209.0,-209.0,-209.0,-196.0,-196.0,-196.0,-202.0,-202.0,-202.0,-205.0,-205.0,-207.0,-200.0,-210.0,-220.0,-215.0,-215.0,-215.0,-217.0,-217.0,-220.0,-207.0,-206.0,-210.0,-212.0,-209.0,-200.0,-199.0,-210.0,-220.0,-222.0,-222.0,-228.0,-228.0,-228.0,-228.0,-220.0,-218.0,-214.0,-211.0,-211.0,-214.0,-226.0,-224.0,-214.0,-228.0,-215.0,-212.0,-219.0,-222.0,-220.0,-223.0,-231.0,-231.0,-234.0,-235.0,-221.0,-214.0,-223.0,-233.0,-236.0,-223.0,-205.0,-205.0,-207.0,-229.0,-229.0,-229.0,-229.0,-229.0,-229.0,-229.0,-226.0,-226.0,-226.0,-226.0,-225.0,-223.0,-227.0,-227.0,-227.0,-227.0,-222.0,-222.0,-222.0,-240.0,-233.0,-226.0,-221.0,-221.0,-221.0,-228.0,-223.0,-221.0,-223.0,-224.0,-224.0,-231.0,-231.0,-231.0,-231.0,-231.0,-224.0,-224.0,-224.0,-227.0,-227.0,-227.0,-230.0,-230.0,-224.0,-214.0,-208.0,-214.0,-223.0,-223.0,-223.0,-219.0,-219.0,-229.0,-221.0,-214.0,-205.0,-205.0,-205.0,-205.0,-203.0,-208.0,-215.0,-228.0,-233.0,-227.0,-226.0,-228.0,-226.0,-219.0,-213.0,-206.0,-203.0,-210.0,-213.0,-216.0,-219.0,-217.0,-212.0,-209.0,-206.0,-206.0,-207.0,-222.0,-211.0,-207.0,-206.0,-207.0,-214.0,-226.0,-235.0,-235.0,-223.0,-206.0,-194.0,-194.0,-201.0,-199.0,-216.0,-228.0,-223.0,-213.0,-214.0,-222.0,-226.0,-224.0,-217.0,-214.0,-213.0,-213.0,-208.0,-210.0,-213.0,-216.0,-212.0,-212.0,-215.0,-216.0,-216.0,-215.0,-215.0,-215.0,-212.0,-215.0,-219.0,-208.0,-222.0
-242.0,-248.0,-254.0,-254.0,-257.0,-262.0,-258.0,-240.0,-233.0,-239.0,-231.0,-219.0,-228.0,-228.0,-228.0,-242.0,-239.0,-254.0,-254.0,-248.0,-259.0,-249.0,-255.0,-250.0,-252.0,-259.0,-256.0,-260.0,-260.0,-260.0,-260.0,-260.0,-261.0,-253.0,-257.0,-263.0,-260.0,-256.0,-256.0,-252.0,-255.0,-246.0,-246.0,-245.0,-253.0,-251.0,-245.0,-247.0,-239.0,-228.0,-243.0,-247.0,-252.0,-245.0,-236.0,-243.0,-257.0,-256.0,-256.0,-256.0,-253.0,-248.0,-235.0,-236.0,-251.0,-251.0,-251.0,-238.0,-245.0,-250.0,-260.0,-259.0,-259.0,-243.0,-249.0,-249.0,-238.0,-238.0,-238.0,-238.0,-238.0,-238.0,-238.0,-242.0,-226.0,-236.0,-247.0,-244.0,-250.0,-250.0,-269.0,-270.0,-273.0,-283.0,-277.0,-263.0,-263.0,-261.0,-261.0,-243.0,-243.0,-249.0,-249.0,-249.0,-253.0,-253.0,-256.0,-251.0,-244.0,-245.0,-239.0,-243.0,-248.0,-247.0,-242.0,-243.0,-248.0,-244.0,-243.0,-247.0,-247.0,-247.0,-247.0,-247.0,-245.0,-258.0,-258.0,-258.0,-258.0,-248.0,-240.0,-245.0,-228.0,-252.0,-257.0,-257.0,-257.0,-257.0,-264.0,-250.0,-250.0,-250.0,-250.0,-262.0,-262.0,-262.0,-237.0,-237.0,-251.0,-251.0,-251.0,-249.0,-249.0,-249.0,-257.0,-257.0,-257.0,-257.0,-252.0,-240.0,-239.0,-255.0,-255.0,-255.0,-257.0,-252.0,-244.0,-239.0,-240.0,-247.0,-248.0,-241.0,-241.0,-249.0,-244.0,-242.0,-257.0,-260.0,-249.0,-249.0,-249.0,-244.0,-230.0,-230.0,-230.0,-232.0,-234.0,-234.0,-234.0,-229.0,-226.0,-231.0,-221.0,-222.0,-243.0,-237.0,-243.0,-243.0,-243.0,-243.0,-243.0,-243.0,-243.0,-237.0,-233.0,-222.0,-233.0,-239.0,-245.0,-257.0,-263.0,-256.0,-253.0,-244.0,-251.0,-248.0,-234.0,-238.0,-238.0,-238.0,-236.0,-235.0,-233.0,-233.0,-233.0,-230.0,-212.0,-212.0,-230.0,-230.0,-230.0,-226.0,-224.0,-225.0,-221.0,-214.0,-215.0,-227.0,-235.0,-222.0,-222.0,-220.0,-231.0,-229.0,-229.0,-231.0,-236.0,-221.0,-221.0,-228.0,-228.0,-228.0,-228.0,-228.0,-228.0,-228.0,-228.0,-232.0,-232.0,-232.0,-232.0,-227.0,-227.0,-227.0,-227.0,-219.0,-234.0,-225.0,-226.0,-235.0,-233.0,-227.0,-227.0,-232.0,-234.0,-231.0,-231.0,-231.0,-231.0,-228.0,-233.0,-229.0,-234.0,-233.0,-233.0,-233.0,-233.0,-233.0,-243.0,-238.0,-238.0,-238.0,-238.0,-238.0,-238.0,-242.0,-235.0,-228.0,-227.0,-244.0,-236.0,-236.0,-236.0,-236.0,-237.0,-251.0,-256.0,-256.0,-261.0,-251.0,-238.0,-238.0,-238.0,-243.0,-226.0,-230.0,-232.0,-225.0,-230.0,-245.0,-242.0,-231.0,-230.0,-231.0,-238.0,-243.0,-238.0,-235.0,-233.0,-233.0,-245.0,-250.0,-239.0,-226.0,-226.0,-252.0,-252.0,-252.0,-252.0,-252.0,-252.0,-252.0,-235.0,-235.0,-235.0,-235.0,-235.0,-235.0,-234.0,-223.0,-218.0,-218.0,-218.0,-247.0,-250.0,-248.0,-248.0,-248.0,-230.0,-230.0,-230.0,-236.0,-236.0,-236.0,-236.0,-236.0,-236.0,-236.0,-236.0,-238.0,-229.0,-229.0,-230.0,-239.0,-239.0,-235.0,-215.0,-217.0,-222.0,-226.0,-224.0,-220.0,-220.0,-220.0
-240.0,-244.0,-231.0,-229.0,-236.0,-231.0,-224.0,-236.0,-247.0,-244.0,-252.0,-256.0,-248.0,-246.0,-246.0,-246.0,-248.0,-234.0,-255.0,-259.0,-261.0,-249.0,-239.0,-240.0,-240.0,-240.0,-236.0,-244.0,-256.0,-257.0,-257.0,-255.0,-255.0,-255.0,-255.0,-257.0,-265.0,-248.0,-253.0,-259.0,-250.0,-250.0,-250.0,-258.0,-248.0,-254.0,-251.0,-248.0,-250.0,-250.0,-261.0,-259.0,-248.0,-247.0,-261.0,-259.0,-259.0,-247.0,-254.0,-253.0,-253.0,-253.0,-249.0,-249.0,-249.0,-249.0,-249.0,-249.0,-249.0,-249.0,-249.0,-262.0,-262.0,-262.0,-262.0,-262.0,-262.0,-263.0,-260.0,-254.0,-258.0,-258.0,-279.0,-256.0,-260.0,-270.0,-267.0,-267.0,-267.0,-238.0,-238.0,-238.0,-238.0,-238.0,-238.0,-248.0,-248.0,-248.0,-248.0,-248.0,-234.0,-234.0,-244.0,-244.0,-244.0,-244.0,-244.0,-229.0,-229.0,-247.0,-247.0,-247.0,-247.0,-247.0,-247.0,-247.0,-247.0,-247.0,-236.0,-236.0,-236.0,-236.0,-241.0,-241.0,-241.0,-245.0,-252.0,-255.0,-248.0,-255.0,-259.0,-246.0,-232.0,-248.0,-263.0,-263.0,-238.0,-250.0,-258.0,-244.0,-244.0,-249.0,-262.0,-241.0,-240.0,-227.0,-247.0,-277.0,-264.0,-244.0,-244.0,-244.0,-244.0,-244.0,-246.0,-236.0,-236.0,-236.0,-232.0,-227.0,-229.0,-240.0,-247.0,-247.0,-249.0,-249.0,-247.0,-244.0,-243.0,-244.0,-244.0,-244.0,-249.0,-250.0,-244.0,-249.0,-253.0,-248.0,-240.0,-249.0,-259.0,-258.0,-248.0,-244.0,-244.0,-263.0,-263.0,-245.0,-245.0,-251.0,-251.0,-230.0,-230.0,-230.0,-230.0,-230.0,-236.0,-239.0,-248.0,-248.0,-253.0,-239.0,-239.0,-239.0,-239.0,-252.0,-236.0,-231.0,-231.0,-234.0,-236.0,-236.0,-241.0,-241.0,-241.0,-241.0,-229.0,-224.0,-225.0,-236.0,-231.0,-217.0,-217.0,-228.0,-236.0,-227.0,-244.0,-232.0,-230.0,-241.0,-240.0,-231.0,-231.0,-233.0,-238.0,-238.0,-233.0,-231.0,-226.0,-225.0,-238.0,-236.0,-231.0,-236.0,-236.0,-216.0,-216.0,-229.0,-229.0,-229.0,-229.0,-229.0,-248.0,-246.0,-237.0,-249.0,-252.0,-233.0,-228.0,-228.0,-242.0,-242.0,-220.0,-231.0,-238.0,-242.0,-240.0,-240.0,-240.0,-230.0,-231.0,-231.0,-238.0,-238.0,-237.0,-235.0,-230.0,-230.0,-230.0,-230.0,-230.0,-230.0,-230.0,-230.0,-246.0,-246.0,-246.0,-246.0,-246.0,-242.0,-223.0,-223.0,-223.0,-223.0,-230.0,-237.0,-240.0,-230.0,-227.0,-238.0,-247.0,-242.0,-236.0,-236.0,-236.0,-230.0,-231.0,-228.0,-228.0,-227.0,-222.0,-237.0,-250.0,-242.0,-243.0,-243.0,-247.0,-239.0,-232.0,-245.0,-244.0,-244.0,-238.0,-226.0,-226.0,-226.0,-249.0,-249.0,-249.0,-249.0,-249.0,-249.0,-249.0,-239.0,-239.0,-239.0,-239.0,-243.0,-243.0,-262.0,-263.0,-266.0,-262.0,-262.0,-247.0,-252.0,-253.0,-258.0,-239.0,-233.0,-252.0,-262.0,-243.0,-233.0,-233.0,-233.0,-243.0,-246.0,-235.0,-227.0,-238.0,-238.0,-239.0,-235.0,-231.0,-237.0,-243.0,-243.0,-244.0,-251.0,-272.0,-272.0,-272.0,-272.0,-274.0,-248.0,-237.0,-249.0,-242.0,-251.0,-250.0,-248.0,-233.0,-233.0
-255.0,-262.0,-264.0,-259.0,-250.0,-244.0,-251.0,-248.0,-237.0,-245.0,-259.0,-259.0,-255.0,-259.0,-262.0,-249.0,-249.0,-237.0,-272.0,-264.0,-249.0,-242.0,-242.0,-255.0,-275.0,-277.0,-253.0,-262.0,-271.0,-260.0,-251.0,-257.0,-266.0,-281.0,-272.0,-255.0,-255.0,-262.0,-270.0,-275.0,-270.0,-261.0,-256.0,-256.0,-256.0,-255.0,-253.0,-254.0,-255.0,-256.0,-256.0,-256.0,-252.0,-257.0,-253.0,-249.0,-256.0,-257.0,-261.0,-256.0,-251.0,-253.0,-245.0,-242.0,-242.0,-242.0,-242.0,-255.0,-255.0,-252.0,-249.0,-249.0,-249.0,-255.0,-255.0,-255.0,-254.0,-257.0,-257.0,-257.0,-257.0,-248.0,-247.0,-251.0,-263.0,-263.0,-263.0,-250.0,-250.0,-247.0,-236.0,-244.0,-244.0,-273.0,-272.0,-277.0,-264.0,-250.0,-253.0,-253.0,-253.0,-253.0,-265.0,-261.0,-251.0,-250.0,-247.0,-242.0,-242.0,-249.0,-254.0,-256.0,-270.0,-268.0,-260.0,-252.0,-245.0,-242.0,-253.0,-263.0,-260.0,-255.0,-252.0,-252.0,-243.0,-245.0,-245.0,-253.0,-264.0,-264.0,-237.0,-243.0,-232.0,-232.0,-232.0,-228.0,-262.0,-227.0,-226.0,-245.0,-245.0,-245.0,-245.0,-264.0,-264.0,-264.0,-264.0,-264.0,-259.0,-252.0,-230.0,-262.0,-262.0,-254.0,-257.0,-239.0,-244.0,-257.0,-256.0,-254.0,-257.0,-253.0,-244.0,-245.0,-239.0,-239.0,-239.0,-233.0,-252.0,-252.0,-252.0,-243.0,-258.0,-264.0,-264.0,-247.0,-247.0,-247.0,-247.0,-247.0,-246.0,-248.0,-259.0,-260.0,-237.0,-237.0,-229.0,-252.0,-233.0,-229.0,-229.0,-229.0,-257.0,-257.0,-257.0,-247.0,-245.0,-240.0,-228.0,-226.0,-238.0,-236.0,-231.0,-231.0,-232.0,-227.0,-227.0,-218.0,-218.0,-259.0,-259.0,-239.0,-239.0,-232.0,-248.0,-232.0,-228.0,-228.0,-242.0,-242.0,-242.0,-248.0,-248.0,-229.0,-246.0,-266.0,-261.0,-246.0,-242.0,-249.0,-249.0,-258.0,-256.0,-247.0,-239.0,-259.0,-235.0,-232.0,-235.0,-240.0,-240.0,-240.0,-240.0,-234.0,-268.0,-268.0,-268.0,-255.0,-246.0,-245.0,-234.0,-237.0,-236.0,-237.0,-236.0,-224.0,-216.0,-221.0,-229.0,-236.0,-236.0,-246.0,-249.0,-249.0,-247.0,-242.0,-234.0,-225.0,-225.0,-241.0,-245.0,-245.0,-241.0,-236.0,-242.0,-242.0,-249.0,-241.0,-241.0,-241.0,-245.0,-245.0,-258.0,-242.0,-242.0,-242.0,-243.0,-243.0,-243.0,-242.0,-232.0,-232.0,-232.0,-232.0,-247.0,-254.0,-253.0,-248.0,-248.0,-248.0,-248.0,-232.0,-240.0,-229.0,-238.0,-236.0,-241.0,-241.0,-241.0,-241.0,-229.0,-234.0,-234.0,-254.0,-248.0,-248.0,-235.0,-235.0,-235.0,-235.0,-235.0,-238.0,-233.0,-236.0,-236.0,-236.0,-239.0,-226.0,-235.0,-235.0,-254.0,-255.0,-238.0,-247.0,-231.0,-229.0,-234.0,-234.0,-234.0,-234.0,-226.0,-244.0,-235.0,-230.0,-230.0,-227.0,-238.0,-218.0,-220.0,-220.0,-220.0,-220.0,-225.0,-234.0,-225.0,-224.0,-229.0,-225.0,-215.0,-215.0,-231.0,-239.0,-243.0,-248.0,-256.0,-256.0,-247.0,-247.0,-243.0,-249.0,-245.0,-245.0,-245.0,-256.0,-245.0,-243.0,-247.0,-247.0,-247.0,-247.0,-247.0,-247.0,-247.0,-247.0
-254.0,-246.0,-241.0,-239.0,-244.0,-251.0,-268.0,-249.0,-252.0,-247.0,-244.0,-250.0,-257.0,-255.0,-252.0,-260.0,-262.0,-252.0,-252.0,-252.0,-252.0,-252.0,-252.0,-260.0,-259.0,-265.0,-255.0,-236.0,-236.0,-236.0,-242.0,-259.0,-255.0,-259.0,-259.0,-259.0,-264.0,-258.0,-258.0,-250.0,-250.0,-250.0,-235.0,-235.0,-242.0,-266.0,-255.0,-253.0,-261.0,-261.0,-260.0,-249.0,-249.0,-249.0,-249.0,-249.0,-282.0,-278.0,-274.0,-274.0,-305.0,-305.0,-305.0,-305.0,-303.0,-315.0,-319.0,-314.0,-314.0,-304.0,-319.0,-319.0,-320.0,-313.0,-313.0,-320.0,-314.0,-303.0,-310.0,-312.0,-306.0,-324.0,-322.0,-322.0,-322.0,-319.0,-307.0,-297.0,-297.0,-297.0,-297.0,-293.0,-296.0,-288.0,-294.0,-302.0,-299.0,-308.0,-303.0,-294.0,-303.0,-314.0,-306.0,-306.0,-291.0,-297.0,-317.0,-317.0,-302.0,-323.0,-323.0,-312.0,-308.0,-310.0,-306.0,-291.0,-291.0,-301.0,-300.0,-306.0,-297.0,-297.0,-297.0,-297.0,-298.0,-298.0,-298.0,-298.0,-296.0,-300.0,-305.0,-317.0,-319.0,-314.0,-314.0,-305.0,-310.0,-310.0,-311.0,-306.0,-306.0,-306.0,-306.0,-306.0,-306.0,-306.0,-306.0,-309.0,-309.0,-309.0,-309.0,-281.0,-281.0,-281.0,-289.0,-306.0,-302.0,-291.0,-295.0,-304.0,-299.0,-299.0,-299.0,-287.0,-277.0,-277.0,-277.0,-292.0,-292.0,-292.0,-292.0,-276.0,-277.0,-287.0,-294.0,-283.0,-283.0,-300.0,-310.0,-297.0,-292.0,-294.0,-296.0,-297.0,-297.0,-311.0,-307.0,-298.0,-295.0,-295.0,-298.0,-294.0,-292.0,-299.0,-295.0,-299.0,-307.0,-301.0,-294.0,-294.0,-301.0,-294.0,-294.0,-293.0,-290.0,-290.0,-297.0,-297.0,-297.0,-297.0,-297.0,-297.0,-296.0,-302.0,-308.0,-308.0,-308.0,-308.0,-308.0,-297.0,-278.0,-276.0,-287.0,-279.0,-279.0,-285.0,-290.0,-296.0,-287.0,-273.0,-273.0,-273.0,-271.0,-287.0,-287.0,-286.0,-288.0,-279.0,-274.0,-274.0,-281.0,-288.0,-276.0,-278.0,-283.0,-281.0,-276.0,-276.0,-274.0,-278.0,-278.0,-278.0,-278.0,-278.0,-278.0,-287.0,-287.0,-287.0,-283.0,-278.0,-278.0,-289.0,-297.0,-304.0,-309.0,-309.0,-274.0,-259.0,-270.0,-270.0,-297.0,-297.0,-297.0,-307.0,-295.0,-296.0,-288.0,-280.0,-280.0,-280.0,-279.0,-287.0,-288.0,-293.0,-293.0,-273.0,-262.0,-271.0,-270.0,-264.0,-267.0,-276.0,-279.0,-279.0,-283.0,-283.0,-283.0,-283.0,-282.0,-288.0,-288.0,-279.0,-269.0,-259.0,-252.0,-255.0,-257.0,-266.0,-283.0,-286.0,-279.0,-279.0,-279.0,-279.0,-279.0,-279.0,-269.0,-269.0,-272.0,-266.0,-290.0,-290.0,-290.0,-289.0,-268.0,-266.0,-275.0,-264.0,-264.0,-276.0,-272.0,-260.0,-260.0,-260.0,-260.0,-260.0,-263.0,-263.0,-267.0,-270.0,-257.0,-277.0,-273.0,-273.0,-273.0,-273.0,-264.0,-268.0,-268.0,-275.0,-288.0,-284.0,-280.0,-280.0,-281.0,-288.0,-290.0,-285.0,-282.0,-282.0,-277.0,-269.0,-281.0,-292.0,-284.0,-284.0,-295.0,-295.0,-295.0,-287.0,-286.0,-287.0,-287.0,-287.0,-287.0,-282.0,-282.0,-281.0,-278.0,-290.0,-268.0,-268.0,-268.0,-268.0
-231.0,-231.0,-231.0,-231.0,-231.0,-231.0,-231.0,-231.0,-231.0,-231.0,-231.0,-231.0,-238.0,-226.0,-226.0,-213.0,-229.0,-229.0,-236.0,-238.0,-238.0,-231.0,-229.0,-229.0,-244.0,-244.0,-237.0,-226.0,-226.0,-226.0,-231.0,-231.0,-245.0,-255.0,-236.0,-233.0,-249.0,-247.0,-247.0,-242.0,-242.0,-242.0,-242.0,-242.0,-242.0,-258.0,-258.0,-258.0,-258.0,-258.0,-258.0,-258.0,-258.0,-271.0,-265.0,-257.0,-260.0,-261.0,-261.0,-259.0,-259.0,-256.0,-248.0,-257.0,-257.0,-269.0,-269.0,-269.0,-266.0,-263.0,-269.0,-273.0,-272.0,-270.0,-257.0,-246.0,-246.0,-275.0,-275.0,-268.0,-279.0,-279.0,-279.0,-258.0,-256.0,-258.0,-258.0,-262.0,-271.0,-273.0,-268.0,-268.0,-274.0,-274.0,-274.0,-274.0,-259.0,-266.0,-261.0,-264.0,-249.0,-249.0,-249.0,-249.0,-249.0,-262.0,-264.0,-264.0,-264.0,-267.0,-269.0,-271.0,-277.0,-274.0,-270.0,-275.0,-270.0,-270.0,-270.0,-259.0,-262.0,-274.0,-257.0,-281.0,-264.0,-264.0,-264.0,-264.0,-264.0,-268.0,-262.0,-267.0,-265.0,-252.0,-252.0,-252.0,-277.0,-273.0,-264.0,-264.0,-267.0,-267.0,-266.0,-266.0,-266.0,-266.0,-259.0,-259.0,-257.0,-262.0,-262.0,-252.0,-277.0,-273.0,-287.0,-280.0,-268.0,-279.0,-293.0,-292.0,-292.0,-292.0,-285.0,-270.0,-270.0,-270.0,-266.0,-259.0,-275.0,-271.0,-269.0,-271.0,-266.0,-267.0,-275.0,-272.0,-272.0,-272.0,-272.0,-272.0,-272.0,-272.0,-272.0,-272.0,-298.0,-286.0,-278.0,-282.0,-282.0,-273.0,-273.0,-274.0,-248.0,-274.0,-267.0,-270.0,-270.0,-270.0,-270.0,-268.0,-271.0,-271.0,-265.0,-257.0,-257.0,-276.0,-268.0,-268.0,-268.0,-268.0,-254.0,-254.0,-254.0,-254.0,-254.0,-254.0,-245.0,-262.0,-272.0,-270.0,-264.0,-264.0,-264.0,-264.0,-264.0,-252.0,-258.0,-273.0,-273.0,-266.0,-266.0,-266.0,-266.0,-266.0,-252.0,-280.0,-278.0,-272.0,-281.0,-281.0,-279.0,-258.0,-264.0,-269.0,-269.0,-261.0,-261.0,-261.0,-261.0,-261.0,-261.0,-261.0,-257.0,-257.0,-254.0,-254.0,-255.0,-255.0,-255.0,-236.0,-251.0,-254.0,-252.0,-248.0,-239.0,-241.0,-247.0,-247.0,-279.0,-279.0,-279.0,-279.0,-260.0,-260.0,-260.0,-259.0,-259.0,-259.0,-259.0,-259.0,-262.0,-240.0,-249.0,-238.0,-229.0,-229.0,-229.0,-239.0,-239.0,-235.0,-242.0,-252.0,-272.0,-261.0,-258.0,-255.0,-257.0,-255.0,-255.0,-255.0,-255.0,-255.0,-264.0,-265.0,-243.0,-258.0,-255.0,-255.0,-255.0,-255.0,-257.0,-253.0,-250.0,-250.0,-264.0,-279.0,-274.0,-259.0,-259.0,-259.0,-256.0,-250.0,-243.0,-243.0,-258.0,-238.0,-238.0,-232.0,-245.0,-228.0,-225.0,-235.0,-235.0,-235.0,-235.0,-246.0,-256.0,-247.0,-247.0,-247.0,-247.0,-257.0,-253.0,-243.0,-243.0,-229.0,-229.0,-229.0,-229.0,-223.0,-223.0,-229.0,-228.0,-228.0,-237.0,-237.0,-237.0,-237.0,-237.0,-239.0,-239.0,-239.0,-239.0,-239.0,-229.0,-229.0,-231.0,-231.0,-231.0,-231.0,-237.0,-237.0,-223.0,-223.0,-223.0,-223.0,-223.0,-231.0,-229.0,-236.0,-244.0,-239.0,-239.0,-243.0
-242.0,-243.0,-264.0,-274.0,-254.0,-277.0,-246.0,-263.0,-252.0,-252.0,-260.0,-269.0,-258.0,-251.0,-265.0,-272.0,-258.0,-252.0,-263.0,-265.0,-251.0,-240.0,-248.0,-265.0,-267.0,-263.0,-263.0,-263.0,-263.0,-263.0,-257.0,-257.0,-257.0,-254.0,-254.0,-262.0,-263.0,-259.0,-259.0,-259.0,-266.0,-275.0,-275.0,-275.0,-275.0,-269.0,-271.0,-273.0,-276.0,-278.0,-278.0,-260.0,-263.0,-264.0,-268.0,-268.0,-265.0,-275.0,-280.0,-275.0,-270.0,-274.0,-274.0,-268.0,-263.0,-263.0,-259.0,-259.0,-274.0,-280.0,-280.0,-274.0,-274.0,-281.0,-272.0,-259.0,-259.0,-259.0,-259.0,-277.0,-277.0,-255.0,-285.0,-275.0,-277.0,-282.0,-271.0,-258.0,-257.0,-253.0,-253.0,-253.0,-247.0,-260.0,-264.0,-276.0,-274.0,-266.0,-266.0,-266.0,-262.0,-261.0,-252.0,-250.0,-268.0,-266.0,-261.0,-274.0,-283.0,-271.0,-258.0,-255.0,-259.0,-262.0,-256.0,-249.0,-249.0,-269.0,-278.0,-264.0,-265.0,-265.0,-265.0,-278.0,-267.0,-270.0,-275.0,-267.0,-263.0,-263.0,-263.0,-263.0,-265.0,-261.0,-261.0,-261.0,-261.0,-261.0,-261.0,-258.0,-255.0,-255.0,-255.0,-255.0,-239.0,-233.0,-235.0,-235.0,-235.0,-235.0,-238.0,-237.0,-245.0,-245.0,-245.0,-245.0,-241.0,-244.0,-236.0,-238.0,-241.0,-232.0,-225.0,-233.0,-243.0,-243.0,-247.0,-233.0,-233.0,-233.0,-229.0,-235.0,-225.0,-223.0,-223.0,-223.0,-230.0,-228.0,-205.0,-205.0,-205.0,-205.0,-212.0,-225.0,-225.0,-225.0,-225.0,-225.0,-225.0,-223.0,-217.0,-217.0,-217.0,-206.0,-236.0,-245.0,-237.0,-217.0,-230.0,-230.0,-230.0,-231.0,-235.0,-230.0,-222.0,-228.0,-230.0,-228.0,-225.0,-225.0,-225.0,-232.0,-231.0,-226.0,-233.0,-239.0,-239.0,-239.0,-239.0,-204.0,-215.0,-217.0,-238.0,-223.0,-219.0,-219.0,-219.0,-219.0,-234.0,-235.0,-236.0,-228.0,-225.0,-224.0,-224.0,-236.0,-241.0,-235.0,-224.0,-224.0,-214.0,-229.0,-229.0,-229.0,-229.0,-230.0,-225.0,-231.0,-236.0,-242.0,-226.0,-235.0,-229.0,-229.0,-229.0,-229.0,-228.0,-228.0,-229.0,-236.0,-234.0,-244.0,-244.0,-224.0,-224.0,-233.0,-230.0,-232.0,-232.0,-232.0,-228.0,-228.0,-228.0,-228.0,-228.0,-219.0,-219.0,-231.0,-231.0,-231.0,-231.0,-221.0,-207.0,-209.0,-209.0,-213.0,-233.0,-233.0,-233.0,-233.0,-233.0,-215.0,-204.0,-214.0,-210.0,-218.0,-224.0,-224.0,-215.0,-214.0,-245.0,-245.0,-215.0,-215.0,-215.0,-216.0,-223.0,-218.0,-220.0,-232.0,-236.0,-239.0,-239.0,-245.0,-238.0,-238.0,-238.0,-224.0,-227.0,-227.0,-200.0,-199.0,-233.0,-233.0,-233.0,-221.0,-232.0,-237.0,-237.0,-210.0,-218.0,-218.0,-225.0,-204.0,-226.0,-232.0,-232.0,-213.0,-213.0,-236.0,-230.0,-240.0,-233.0,-225.0,-221.0,-221.0,-221.0,-221.0,-236.0,-234.0,-236.0,-236.0,-231.0,-231.0,-231.0,-236.0,-236.0,-236.0,-236.0,-216.0,-226.0,-226.0,-237.0,-232.0,-250.0,-250.0,-226.0,-226.0,-226.0,-226.0,-226.0,-226.0,-226.0,-241.0,-241.0,-236.0,-236.0,-236.0,-236.0,-236.0,-236.0,-236.0,-227.0,-227.0
-231.0,-231.0,-231.0,-231.0,-231.0,-231.0,-231.0,-231.0,-231.0,-231.0,-231.0,-231.0,-231.0,-231.0,-231.0,-231.0,-231.0,-231.0,-231.0,-228.0,-223.0,-224.0,-233.0,-243.0,-235.0,-225.0,-236.0,-252.0,-241.0,-229.0,-236.0,-236.0,-225.0,-211.0,-221.0,-230.0,-230.0,-237.0,-243.0,-243.0,-243.0,-243.0,-242.0,-242.0,-231.0,-241.0,-240.0,-237.0,-241.0,-241.0,-242.0,-233.0,-224.0,-224.0,-228.0,-231.0,-231.0,-259.0,-238.0,-238.0,-235.0,-228.0,-224.0,-232.0,-228.0,-214.0,-208.0,-208.0,-254.0,-254.0,-254.0,-254.0,-233.0,-233.0,-226.0,-221.0,-233.0,-235.0,-227.0,-219.0,-217.0,-217.0,-222.0,-222.0,-212.0,-219.0,-227.0,-228.0,-227.0,-227.0,-229.0,-218.0,-226.0,-219.0,-192.0,-216.0,-216.0,-216.0,-219.0,-219.0,-238.0,-238.0,-223.0,-219.0,-227.0,-236.0,-234.0,-226.0,-226.0,-232.0,-230.0,-230.0,-237.0,-219.0,-234.0,-224.0,-224.0,-224.0,-224.0,-224.0,-228.0,-230.0,-231.0,-230.0,-226.0,-222.0,-222.0,-222.0,-228.0,-226.0,-226.0,-226.0,-229.0,-228.0,-227.0,-227.0,-227.0,-227.0,-222.0,-237.0,-239.0,-249.0,-249.0,-249.0,-246.0,-234.0,-234.0,-236.0,-236.0,-230.0,-230.0,-230.0,-230.0,-224.0,-222.0,-226.0,-235.0,-235.0,-232.0,-232.0,-215.0,-235.0,-232.0,-228.0,-229.0,-222.0,-222.0,-222.0,-222.0,-242.0,-242.0,-242.0,-236.0,-236.0,-243.0,-243.0,-247.0,-239.0,-243.0,-243.0,-241.0,-232.0,-232.0,-213.0,-225.0,-250.0,-256.0,-246.0,-242.0,-242.0,-240.0,-224.0,-227.0,-231.0,-231.0,-233.0,-235.0,-238.0,-239.0,-239.0,-239.0,-222.0,-241.0,-241.0,-241.0,-244.0,-244.0,-244.0,-244.0,-239.0,-229.0,-233.0,-234.0,-237.0,-244.0,-243.0,-221.0,-221.0,-209.0,-240.0,-234.0,-228.0,-242.0,-240.0,-221.0,-221.0,-222.0,-222.0,-227.0,-222.0,-225.0,-225.0,-230.0,-233.0,-236.0,-225.0,-222.0,-227.0,-227.0,-221.0,-228.0,-240.0,-237.0,-237.0,-224.0,-232.0,-232.0,-226.0,-233.0,-236.0,-220.0,-227.0,-246.0,-241.0,-224.0,-223.0,-223.0,-233.0,-244.0,-244.0,-244.0,-244.0,-244.0,-244.0,-244.0,-244.0,-244.0,-239.0,-230.0,-218.0,-215.0,-230.0,-230.0,-230.0,-230.0,-230.0,-231.0,-259.0,-268.0,-238.0,-246.0,-246.0,-237.0,-233.0,-246.0,-246.0,-232.0,-232.0,-249.0,-258.0,-247.0,-238.0,-244.0,-244.0,-244.0,-244.0,-244.0,-247.0,-232.0,-243.0,-241.0,-240.0,-240.0,-243.0,-215.0,-223.0,-230.0,-231.0,-249.0,-266.0,-252.0,-252.0,-246.0,-250.0,-244.0,-235.0,-244.0,-244.0,-254.0,-223.0,-219.0,-226.0,-233.0,-233.0,-263.0,-262.0,-262.0,-258.0,-246.0,-239.0,-239.0,-239.0,-240.0,-237.0,-234.0,-239.0,-245.0,-254.0,-249.0,-250.0,-250.0,-270.0,-234.0,-234.0,-234.0,-234.0,-234.0,-238.0,-244.0,-254.0,-266.0,-256.0,-239.0,-244.0,-251.0,-260.0,-255.0,-254.0,-261.0,-269.0,-267.0,-258.0,-264.0,-265.0,-246.0,-233.0,-243.0,-243.0,-275.0,-250.0,-260.0,-260.0,-260.0,-245.0,-245.0,-256.0,-256.0,-248.0,-255.0,-268.0,-262.0,-262.0,-262.0,-262.0
-233.0,-232.0,-219.0,-207.0,-217.0,-232.0,-229.0,-226.0,-239.0,-239.0,-225.0,-222.0,-227.0,-232.0,-232.0,-232.0,-226.0,-226.0,-232.0,-236.0,-236.0,-228.0,-228.0,-230.0,-230.0,-229.0,-223.0,-230.0,-241.0,-231.0,-227.0,-210.0,-210.0,-210.0,-210.0,-260.0,-250.0,-228.0,-226.0,-226.0,-221.0,-219.0,-224.0,-224.0,-221.0,-232.0,-232.0,-232.0,-225.0,-234.0,-246.0,-242.0,-233.0,-234.0,-234.0,-237.0,-237.0,-237.0,-237.0,-246.0,-235.0,-229.0,-229.0,-233.0,-238.0,-244.0,-244.0,-247.0,-245.0,-227.0,-227.0,-225.0,-229.0,-225.0,-241.0,-241.0,-238.0,-238.0,-238.0,-238.0,-250.0,-245.0,-225.0,-222.0,-229.0,-229.0,-230.0,-239.0,-244.0,-233.0,-233.0,-251.0,-253.0,-236.0,-236.0,-236.0,-236.0,-228.0,-228.0,-244.0,-222.0,-227.0,-227.0,-227.0,-240.0,-230.0,-228.0,-228.0,-246.0,-248.0,-248.0,-248.0,-253.0,-255.0,-244.0,-244.0,-240.0,-223.0,-231.0,-234.0,-234.0,-242.0,-256.0,-254.0,-238.0,-236.0,-237.0,-228.0,-223.0,-228.0,-228.0,-228.0,-217.0,-217.0,-217.0,-225.0,-225.0,-225.0,-225.0,-236.0,-236.0,-236.0,-238.0,-238.0,-225.0,-226.0,-225.0,-226.0,-226.0,-226.0,-230.0,-241.0,-233.0,-211.0,-204.0,-216.0,-216.0,-227.0,-228.0,-228.0,-228.0,-228.0,-228.0,-228.0,-228.0,-228.0,-228.0,-228.0,-221.0,-199.0,-208.0,-213.0,-209.0,-212.0,-219.0,-219.0,-220.0,-219.0,-219.0,-214.0,-217.0,-207.0,-207.0,-219.0,-215.0,-215.0,-209.0,-225.0,-215.0,-219.0,-210.0,-213.0,-213.0,-213.0,-213.0,-213.0,-205.0,-234.0,-234.0,-234.0,-234.0,-234.0,-232.0,-231.0,-225.0,-225.0,-218.0,-228.0,-228.0,-228.0,-228.0,-228.0,-228.0,-222.0,-222.0,-223.0,-223.0,-223.0,-223.0,-234.0,-234.0,-225.0,-225.0,-225.0,-225.0,-225.0,-225.0,-215.0,-210.0,-210.0,-210.0,-210.0,-226.0,-226.0,-226.0,-226.0,-226.0,-226.0,-226.0,-226.0,-226.0,-226.0,-226.0,-226.0,-226.0,-217.0,-234.0,-220.0,-214.0,-226.0,-228.0,-228.0,-228.0,-228.0,-228.0,-214.0,-232.0,-228.0,-224.0,-225.0,-225.0,-224.0,-224.0,-224.0,-224.0,-225.0,-227.0,-227.0,-227.0,-227.0,-213.0,-224.0,-235.0,-229.0,-230.0,-229.0,-229.0,-222.0,-226.0,-235.0,-227.0,-227.0,-227.0,-244.0,-235.0,-228.0,-219.0,-219.0,-219.0,-211.0,-221.0,-221.0,-221.0,-221.0,-221.0,-221.0,-221.0,-221.0,-221.0,-221.0,-221.0,-221.0,-221.0,-223.0,-228.0,-207.0,-208.0,-206.0,-218.0,-225.0,-229.0,-229.0,-229.0,-229.0,-229.0,-229.0,-216.0,-216.0,-216.0,-216.0,-222.0,-222.0,-211.0,-211.0,-211.0,-219.0,-215.0,-224.0,-214.0,-214.0,-214.0,-214.0,-214.0,-209.0,-209.0,-200.0,-200.0,-207.0,-207.0,-201.0,-194.0,-210.0,-216.0,-201.0,-201.0,-201.0,-207.0,-207.0,-199.0,-202.0,-217.0,-226.0,-224.0,-212.0,-212.0,-212.0,-212.0,-212.0,-212.0,-212.0,-212.0,-229.0,-229.0,-214.0,-214.0,-221.0,-231.0,-226.0,-224.0,-221.0,-218.0,-219.0,-238.0,-238.0,-238.0,-244.0,-216.0,-218.0,-218.0,-231.0,-231.0,-231.0,-229.0,-225.0
-300.0,-305.0,-299.0,-308.0,-310.0,-298.0,-298.0,-304.0,-302.0,-299.0,-298.0,-288.0,-280.0,-292.0,-307.0,-300.0,-300.0,-286.0,-318.0,-318.0,-291.0,-316.0,-306.0,-306.0,-300.0,-300.0,-284.0,-286.0,-291.0,-291.0,-286.0,-289.0,-286.0,-286.0,-285.0,-281.0,-284.0,-285.0,-289.0,-282.0,-267.0,-267.0,-280.0,-285.0,-275.0,-275.0,-279.0,-279.0,-275.0,-284.0,-265.0,-282.0,-278.0,-269.0,-282.0,-298.0,-283.0,-283.0,-283.0,-283.0,-292.0,-301.0,-301.0,-290.0,-294.0,-278.0,-278.0,-275.0,-275.0,-277.0,-277.0,-277.0,-277.0,-281.0,-264.0,-261.0,-273.0,-280.0,-280.0,-280.0,-289.0,-289.0,-282.0,-280.0,-282.0,-288.0,-288.0,-278.0,-275.0,-278.0,-278.0,-278.0,-283.0,-287.0,-287.0,-287.0,-287.0,-275.0,-282.0,-282.0,-282.0,-276.0,-299.0,-299.0,-308.0,-282.0,-290.0,-289.0,-276.0,-278.0,-268.0,-268.0,-268.0,-287.0,-287.0,-287.0,-287.0,-287.0,-287.0,-288.0,-284.0,-284.0,-284.0,-284.0,-284.0,-274.0,-274.0,-274.0,-274.0,-274.0,-274.0,-274.0,-276.0,-284.0,-280.0,-279.0,-270.0,-270.0,-271.0,-281.0,-274.0,-267.0,-264.0,-257.0,-256.0,-261.0,-269.0,-267.0,-266.0,-275.0,-287.0,-283.0,-283.0,-259.0,-270.0,-280.0,-280.0,-277.0,-277.0,-276.0,-262.0,-262.0,-266.0,-263.0,-266.0,-266.0,-279.0,-284.0,-272.0,-267.0,-281.0,-281.0,-281.0,-281.0,-281.0,-281.0,-281.0,-281.0,-281.0,-274.0,-273.0,-282.0,-282.0,-275.0,-275.0,-272.0,-287.0,-287.0,-281.0,-281.0,-281.0,-281.0,-281.0,-281.0,-281.0,-281.0,-279.0,-279.0,-279.0,-279.0,-283.0,-281.0,-272.0,-263.0,-267.0,-277.0,-277.0,-277.0,-268.0,-282.0,-282.0,-286.0,-286.0,-296.0,-296.0,-296.0,-296.0,-296.0,-296.0,-296.0,-296.0,-303.0,-303.0,-290.0,-276.0,-284.0,-284.0,-284.0,-265.0,-270.0,-278.0,-286.0,-299.0,-294.0,-272.0,-270.0,-281.0,-274.0,-258.0,-268.0,-283.0,-277.0,-277.0,-268.0,-265.0,-265.0,-280.0,-280.0,-274.0,-270.0,-270.0,-265.0,-265.0,-265.0,-286.0,-280.0,-263.0,-269.0,-280.0,-269.0,-264.0,-269.0,-268.0,-270.0,-270.0,-287.0,-271.0,-267.0,-267.0,-266.0,-260.0,-268.0,-269.0,-269.0,-264.0,-264.0,-279.0,-279.0,-279.0,-274.0,-275.0,-276.0,-281.0,-287.0,-290.0,-296.0,-295.0,-295.0,-289.0,-285.0,-277.0,-278.0,-278.0,-278.0,-278.0,-256.0,-256.0,-256.0,-256.0,-256.0,-256.0,-256.0,-256.0,-256.0,-256.0,-256.0,-251.0,-255.0,-281.0,-280.0,-269.0,-269.0,-262.0,-262.0,-262.0,-249.0,-256.0,-245.0,-242.0,-250.0,-255.0,-255.0,-253.0,-243.0,-244.0,-246.0,-241.0,-245.0,-257.0,-253.0,-245.0,-245.0,-255.0,-258.0,-247.0,-256.0,-263.0,-264.0,-264.0,-264.0,-264.0,-274.0,-249.0,-245.0,-261.0,-270.0,-270.0,-264.0,-269.0,-271.0,-266.0,-266.0,-263.0,-263.0,-256.0,-264.0,-257.0,-257.0,-257.0,-268.0,-260.0,-256.0,-260.0,-261.0,-261.0,-266.0,-267.0,-255.0,-255.0,-252.0,-257.0,-252.0,-252.0,-263.0,-269.0,-269.0,-259.0,-262.0,-265.0,-262.0,-262.0,-264.0,-262.0,-259.0
-263.0,-263.0,-263.0,-263.0,-263.0,-263.0,-263.0,-263.0,-263.0,-263.0,-263.0,-263.0,-263.0,-263.0,-244.0,-253.0,-259.0,-259.0,-257.0,-257.0,-257.0,-257.0,-257.0,-257.0,-261.0,-253.0,-251.0,-254.0,-269.0,-269.0,-269.0,-269.0,-269.0,-273.0,-273.0,-273.0,-273.0,-273.0,-273.0,-271.0,-261.0,-268.0,-285.0,-285.0,-285.0,-276.0,-281.0,-281.0,-269.0,-264.0,-264.0,-264.0,-264.0,-264.0,-266.0,-259.0,-258.0,-263.0,-258.0,-283.0,-277.0,-257.0,-287.0,-258.0,-258.0,-255.0,-254.0,-262.0,-266.0,-272.0,-279.0,-285.0,-291.0,-277.0,-261.0,-261.0,-261.0,-261.0,-271.0,-284.0,-274.0,-274.0,-283.0,-279.0,-279.0,-290.0,-267.0,-265.0,-265.0,-265.0,-265.0,-270.0,-259.0,-259.0,-256.0,-253.0,-286.0,-286.0,-286.0,-283.0,-283.0,-283.0,-264.0,-254.0,-260.0,-270.0,-270.0,-270.0,-270.0,-273.0,-257.0,-257.0,-261.0,-261.0,-247.0,-247.0,-247.0,-247.0,-247.0,-247.0,-256.0,-270.0,-252.0,-263.0,-263.0,-263.0,-263.0,-262.0,-256.0,-254.0,-261.0,-257.0,-257.0,-273.0,-273.0,-274.0,-269.0,-269.0,-269.0,-269.0,-261.0,-265.0,-265.0,-265.0,-269.0,-284.0,-275.0,-267.0,-266.0,-263.0,-263.0,-266.0,-256.0,-256.0,-245.0,-245.0,-236.0,-236.0,-236.0,-236.0,-260.0,-253.0,-240.0,-233.0,-226.0,-230.0,-230.0,-230.0,-221.0,-221.0,-228.0,-226.0,-237.0,-238.0,-238.0,-206.0,-206.0,-218.0,-213.0,-208.0,-199.0,-205.0,-213.0,-207.0,-198.0,-201.0,-211.0,-207.0,-207.0,-190.0,-190.0,-190.0,-190.0,-179.0,-191.0,-204.0,-196.0,-183.0,-189.0,-189.0,-189.0,-171.0,-166.0,-174.0,-173.0,-157.0,-141.0,-152.0,-152.0,-139.0,-128.0,-129.0,-123.0,-113.0,-132.0,-137.0,-111.0,-100.0,-103.0,-106.0,-105.0,-102.0,-102.0,-102.0,-102.0,-102.0,-102.0,-100.0,-98.0,-100.0,-100.0,-72.0,-78.0,-78.0,-78.0,-69.0,-82.0,-73.0,-49.0,-41.0,-52.0,-50.0,-50.0,-50.0,-50.0,-46.0,-31.0,-31.0,-38.0,-34.0,-17.0,-17.0,-17.0,-27.0,-36.0,-33.0,-18.0,-33.0,-20.0,-15.0,-40.0,-40.0,-40.0,-40.0,-17.0,-17.0,-13.0,-13.0,-13.0,2.0,2.0,20.0,4.0,-13.0,-13.0,-13.0,-7.0,15.0,20.0,20.0,20.0,29.0,29.0,29.0,43.0,51.0,51.0,51.0,60.0,110.0,104.0,104.0,104.0,104.0,114.0,114.0,114.0,132.0,100.0,92.0,92.0,92.0,91.0,103.0,103.0,82.0,105.0,105.0,105.0,93.0,92.0,103.0,106.0,103.0,101.0,94.0,94.0,80.0,79.0,90.0,102.0,105.0,85.0,83.0,75.0,68.0,70.0,75.0,77.0,80.0,81.0,73.0,64.0,50.0,46.0,57.0,65.0,59.0,51.0,47.0,46.0,47.0,40.0,40.0,40.0,42.0,33.0,35.0,35.0,16.0,16.0,12.0,17.0,9.0,19.0,13.0,5.0,5.0,5.0,19.0,-15.0,-15.0,-15.0,-15.0,-7.0,-19.0,-19.0,-19.0,-19.0,-11.0,-9.0,-13.0,-19.0,-19.0,-11.0,-24.0,-40.0,-48.0,-48.0,-49.0,-52.0,-52.0,-51.0,-51.0
-283.0,-271.0,-275.0,-293.0,-303.0,-302.0,-294.0,-287.0,-283.0,-273.0,-273.0,-273.0,-273.0,-292.0,-290.0,-266.0,-273.0,-277.0,-260.0,-270.0,-275.0,-275.0,-275.0,-290.0,-290.0,-299.0,-304.0,-285.0,-277.0,-286.0,-286.0,-279.0,-261.0,-288.0,-284.0,-303.0,-299.0,-279.0,-279.0,-279.0,-324.0,-308.0,-308.0,-287.0,-281.0,-286.0,-301.0,-301.0,-291.0,-292.0,-283.0,-285.0,-285.0,-295.0,-298.0,-311.0,-313.0,-308.0,-308.0,-311.0,-300.0,-290.0,-290.0,-292.0,-302.0,-298.0,-297.0,-298.0,-293.0,-293.0,-278.0,-278.0,-293.0,-308.0,-307.0,-304.0,-298.0,-288.0,-291.0,-289.0,-293.0,-293.0,-293.0,-293.0,-310.0,-291.0,-280.0,-282.0,-287.0,-287.0,-298.0,-307.0,-300.0,-290.0,-287.0,-287.0,-287.0,-299.0,-305.0,-297.0,-273.0,-284.0,-284.0,-284.0,-290.0,-290.0,-300.0,-300.0,-300.0,-300.0,-281.0,-281.0,-281.0,-295.0,-295.0,-295.0,-291.0,-289.0,-279.0,-299.0,-299.0,-299.0,-299.0,-291.0,-300.0,-300.0,-283.0,-283.0,-290.0,-296.0,-296.0,-291.0,-291.0,-291.0,-288.0,-282.0,-279.0,-281.0,-285.0,-280.0,-283.0,-295.0,-295.0,-293.0,-292.0,-291.0,-291.0,-290.0,-279.0,-265.0,-273.0,-288.0,-273.0,-283.0,-291.0,-304.0,-282.0,-286.0,-276.0,-276.0,-276.0,-276.0,-276.0,-278.0,-286.0,-279.0,-275.0,-278.0,-279.0,-279.0,-279.0,-268.0,-268.0,-268.0,-268.0,-277.0,-292.0,-293.0,-275.0,-269.0,-286.0,-286.0,-289.0,-282.0,-267.0,-271.0,-280.0,-280.0,-284.0,-294.0,-293.0,-287.0,-284.0,-284.0,-286.0,-289.0,-292.0,-290.0,-287.0,-296.0,-298.0,-285.0,-276.0,-276.0,-284.0,-284.0,-283.0,-297.0,-291.0,-275.0,-275.0,-276.0,-276.0,-276.0,-276.0,-291.0,-293.0,-274.0,-273.0,-257.0,-260.0,-285.0,-290.0,-263.0,-274.0,-267.0,-269.0,-269.0,-269.0,-269.0,-269.0,-254.0,-254.0,-253.0,-268.0,-273.0,-273.0,-280.0,-280.0,-273.0,-271.0,-276.0,-260.0,-260.0,-260.0,-260.0,-258.0,-255.0,-254.0,-272.0,-282.0,-279.0,-281.0,-287.0,-287.0,-256.0,-260.0,-263.0,-263.0,-263.0,-268.0,-266.0,-262.0,-259.0,-257.0,-257.0,-246.0,-258.0,-258.0,-265.0,-251.0,-250.0,-272.0,-274.0,-280.0,-286.0,-277.0,-277.0,-259.0,-259.0,-264.0,-269.0,-259.0,-248.0,-255.0,-255.0,-255.0,-255.0,-255.0,-248.0,-248.0,-268.0,-269.0,-259.0,-259.0,-254.0,-250.0,-248.0,-258.0,-261.0,-257.0,-263.0,-263.0,-269.0,-261.0,-248.0,-249.0,-255.0,-255.0,-258.0,-253.0,-245.0,-240.0,-236.0,-245.0,-245.0,-251.0,-244.0,-257.0,-247.0,-237.0,-249.0,-247.0,-234.0,-234.0,-263.0,-253.0,-248.0,-254.0,-257.0,-248.0,-248.0,-248.0,-240.0,-235.0,-235.0,-251.0,-252.0,-250.0,-255.0,-245.0,-245.0,-217.0,-217.0,-248.0,-244.0,-246.0,-246.0,-235.0,-242.0,-246.0,-235.0,-235.0,-235.0,-241.0,-251.0,-251.0,-250.0,-258.0,-251.0,-238.0,-239.0,-256.0,-263.0,-263.0,-251.0,-259.0,-259.0,-259.0,-227.0,-230.0,-230.0,-242.0,-242.0,-242.0,-253.0,-253.0,-250.0,-246.0,-247.0,-246.0,-246.0,-246.0,-233.0
-234.0,-241.0,-243.0,-244.0,-249.0,-256.0,-253.0,-250.0,-258.0,-260.0,-262.0,-270.0,-266.0,-268.0,-280.0,-272.0,-272.0,-272.0,-263.0,-277.0,-278.0,-278.0,-281.0,-281.0,-284.0,-282.0,-279.0,-290.0,-286.0,-282.0,-290.0,-290.0,-290.0,-290.0,-293.0,-284.0,-280.0,-282.0,-282.0,-304.0,-304.0,-304.0,-304.0,-304.0,-304.0,-304.0,-304.0,-304.0,-300.0,-293.0,-293.0,-294.0,-300.0,-283.0,-271.0,-279.0,-289.0,-293.0,-293.0,-296.0,-302.0,-295.0,-295.0,-295.0,-295.0,-299.0,-303.0,-312.0,-314.0,-316.0,-308.0,-297.0,-296.0,-290.0,-280.0,-284.0,-297.0,-297.0,-297.0,-306.0,-307.0,-314.0,-314.0,-314.0,-303.0,-298.0,-307.0,-315.0,-315.0,-320.0,-320.0,-320.0,-327.0,-327.0,-327.0,-327.0,-324.0,-324.0,-324.0,-324.0,-324.0,-324.0,-324.0,-324.0,-337.0,-322.0,-313.0,-319.0,-320.0,-307.0,-307.0,-318.0,-317.0,-305.0,-305.0,-304.0,-289.0,-295.0,-318.0,-322.0,-308.0,-302.0,-302.0,-302.0,-315.0,-313.0,-320.0,-322.0,-316.0,-316.0,-305.0,-305.0,-305.0,-308.0,-316.0,-312.0,-312.0,-312.0,-311.0,-311.0,-313.0,-313.0,-306.0,-301.0,-301.0,-301.0,-306.0,-306.0,-304.0,-304.0,-304.0,-304.0,-305.0,-309.0,-307.0,-302.0,-308.0,-308.0,-308.0,-308.0,-308.0,-308.0,-308.0,-308.0,-308.0,-308.0,-308.0,-316.0,-311.0,-313.0,-300.0,-300.0,-300.0,-300.0,-305.0,-316.0,-321.0,-321.0,-317.0,-317.0,-317.0,-317.0,-317.0,-327.0,-327.0,-328.0,-327.0,-321.0,-310.0,-313.0,-325.0,-325.0,-341.0,-341.0,-341.0,-341.0,-336.0,-336.0,-340.0,-331.0,-331.0,-331.0,-331.0,-331.0,-336.0,-334.0,-333.0,-322.0,-324.0,-313.0,-319.0,-323.0,-331.0,-324.0,-317.0,-339.0,-339.0,-339.0,-339.0,-339.0,-339.0,-341.0,-324.0,-320.0,-312.0,-333.0,-330.0,-326.0,-327.0,-327.0,-327.0,-327.0,-310.0,-310.0,-317.0,-316.0,-319.0,-304.0,-303.0,-303.0,-303.0,-306.0,-314.0,-310.0,-307.0,-303.0,-303.0,-298.0,-301.0,-301.0,-301.0,-293.0,-293.0,-293.0,-309.0,-312.0,-308.0,-301.0,-296.0,-296.0,-303.0,-307.0,-305.0,-300.0,-295.0,-286.0,-286.0,-294.0,-290.0,-289.0,-303.0,-303.0,-291.0,-291.0,-291.0,-302.0,-300.0,-292.0,-286.0,-286.0,-300.0,-302.0,-302.0,-297.0,-297.0,-297.0,-297.0,-302.0,-302.0,-302.0,-302.0,-302.0,-316.0,-316.0,-316.0,-317.0,-317.0,-290.0,-290.0,-290.0,-290.0,-290.0,-290.0,-304.0,-306.0,-300.0,-295.0,-295.0,-303.0,-317.0,-315.0,-302.0,-301.0,-307.0,-311.0,-311.0,-312.0,-311.0,-315.0,-316.0,-317.0,-312.0,-307.0,-307.0,-289.0,-283.0,-285.0,-292.0,-292.0,-289.0,-302.0,-306.0,-317.0,-314.0,-314.0,-314.0,-314.0,-295.0,-306.0,-298.0,-298.0,-298.0,-298.0,-292.0,-286.0,-291.0,-281.0,-283.0,-302.0,-308.0,-290.0,-284.0,-289.0,-289.0,-289.0,-284.0,-297.0,-297.0,-286.0,-289.0,-295.0,-295.0,-295.0,-288.0,-287.0,-294.0,-294.0,-292.0,-296.0,-294.0,-294.0,-294.0,-294.0,-289.0,-289.0,-289.0,-289.0,-295.0,-297.0,-304.0,-310.0,-306.0,-296.0,-290.0
-245.0,-245.0,-245.0,-245.0,-245.0,-245.0,-245.0,-245.0,-245.0,-245.0,-245.0,-245.0,-245.0,-241.0,-243.0,-245.0,-242.0,-249.0,-249.0,-249.0,-243.0,-243.0,-245.0,-251.0,-249.0,-248.0,-250.0,-242.0,-242.0,-242.0,-242.0,-253.0,-253.0,-265.0,-265.0,-257.0,-257.0,-263.0,-259.0,-259.0,-259.0,-259.0,-276.0,-276.0,-276.0,-276.0,-276.0,-276.0,-276.0,-287.0,-268.0,-271.0,-265.0,-260.0,-260.0,-271.0,-271.0,-271.0,-271.0,-267.0,-267.0,-267.0,-267.0,-288.0,-288.0,-288.0,-288.0,-272.0,-271.0,-268.0,-268.0,-268.0,-271.0,-261.0,-269.0,-269.0,-281.0,-274.0,-271.0,-274.0,-284.0,-279.0,-284.0,-282.0,-282.0,-282.0,-267.0,-274.0,-277.0,-274.0,-274.0,-274.0,-273.0,-264.0,-279.0,-271.0,-271.0,-270.0,-255.0,-260.0,-268.0,-280.0,-287.0,-276.0,-276.0,-276.0,-276.0,-274.0,-285.0,-278.0,-272.0,-266.0,-266.0,-266.0,-266.0,-266.0,-271.0,-271.0,-272.0,-272.0,-268.0,-262.0,-263.0,-257.0,-261.0,-271.0,-271.0,-271.0,-271.0,-271.0,-271.0,-279.0,-279.0,-264.0,-264.0,-264.0,-264.0,-264.0,-264.0,-250.0,-250.0,-250.0,-250.0,-265.0,-265.0,-265.0,-265.0,-265.0,-265.0,-265.0,-255.0,-255.0,-269.0,-278.0,-279.0,-275.0,-271.0,-274.0,-282.0,-282.0,-282.0,-280.0,-272.0,-281.0,-281.0,-281.0,-268.0,-261.0,-260.0,-261.0,-274.0,-274.0,-278.0,-260.0,-264.0,-271.0,-272.0,-272.0,-270.0,-260.0,-261.0,-261.0,-266.0,-261.0,-257.0,-274.0,-279.0,-266.0,-261.0,-268.0,-263.0,-250.0,-250.0,-258.0,-258.0,-273.0,-271.0,-271.0,-271.0,-274.0,-275.0,-266.0,-272.0,-256.0,-256.0,-255.0,-260.0,-270.0,-270.0,-257.0,-257.0,-257.0,-263.0,-263.0,-263.0,-263.0,-256.0,-256.0,-260.0,-260.0,-263.0,-258.0,-244.0,-244.0,-252.0,-271.0,-271.0,-271.0,-271.0,-260.0,-264.0,-264.0,-267.0,-279.0,-275.0,-284.0,-282.0,-282.0,-282.0,-267.0,-267.0,-267.0,-267.0,-267.0,-266.0,-266.0,-266.0,-257.0,-280.0,-280.0,-280.0,-280.0,-280.0,-267.0,-270.0,-270.0,-270.0,-281.0,-281.0,-281.0,-259.0,-265.0,-255.0,-249.0,-261.0,-261.0,-273.0,-274.0,-274.0,-266.0,-269.0,-254.0,-254.0,-270.0,-261.0,-250.0,-250.0,-260.0,-260.0,-242.0,-242.0,-246.0,-246.0,-262.0,-262.0,-259.0,-259.0,-259.0,-259.0,-250.0,-243.0,-238.0,-251.0,-244.0,-239.0,-244.0,-250.0,-250.0,-250.0,-250.0,-250.0,-261.0,-253.0,-247.0,-252.0,-252.0,-258.0,-258.0,-252.0,-252.0,-257.0,-257.0,-257.0,-253.0,-254.0,-248.0,-252.0,-253.0,-249.0,-246.0,-253.0,-251.0,-251.0,-251.0,-254.0,-241.0,-238.0,-248.0,-249.0,-234.0,-234.0,-235.0,-233.0,-235.0,-235.0,-253.0,-250.0,-250.0,-253.0,-253.0,-237.0,-245.0,-239.0,-223.0,-223.0,-219.0,-243.0,-243.0,-243.0,-243.0,-243.0,-228.0,-227.0,-233.0,-234.0,-223.0,-223.0,-233.0,-230.0,-225.0,-245.0,-256.0,-241.0,-241.0,-245.0,-237.0,-233.0,-230.0,-232.0,-232.0,-232.0,-237.0,-232.0,-226.0,-222.0,-223.0,-223.0,-223.0,-223.0,-228.0,-235.0,-241.0,-239.0,-226.0
-240.0,-234.0,-222.0,-224.0,-233.0,-233.0,-234.0,-236.0,-239.0,-249.0,-236.0,-236.0,-236.0,-236.0,-233.0,-240.0,-236.0,-236.0,-227.0,-235.0,-241.0,-249.0,-256.0,-250.0,-239.0,-239.0,-239.0,-239.0,-246.0,-243.0,-232.0,-241.0,-253.0,-249.0,-245.0,-253.0,-256.0,-253.0,-259.0,-261.0,-251.0,-248.0,-253.0,-256.0,-249.0,-248.0,-258.0,-258.0,-237.0,-237.0,-256.0,-256.0,-256.0,-265.0,-265.0,-265.0,-267.0,-257.0,-263.0,-260.0,-258.0,-258.0,-258.0,-258.0,-258.0,-253.0,-257.0,-255.0,-255.0,-258.0,-263.0,-259.0,-263.0,-256.0,-252.0,-256.0,-256.0,-252.0,-255.0,-272.0,-276.0,-261.0,-262.0,-266.0,-260.0,-268.0,-272.0,-259.0,-259.0,-265.0,-270.0,-278.0,-278.0,-257.0,-257.0,-250.0,-255.0,-255.0,-255.0,-255.0,-255.0,-256.0,-256.0,-268.0,-268.0,-268.0,-268.0,-268.0,-267.0,-267.0,-267.0,-253.0,-253.0,-260.0,-260.0,-260.0,-260.0,-255.0,-262.0,-259.0,-259.0,-259.0,-268.0,-268.0,-270.0,-270.0,-270.0,-270.0,-270.0,-244.0,-260.0,-268.0,-259.0,-259.0,-261.0,-261.0,-258.0,-260.0,-270.0,-270.0,-266.0,-259.0,-252.0,-258.0,-259.0,-259.0,-249.0,-249.0,-258.0,-262.0,-261.0,-246.0,-243.0,-250.0,-250.0,-241.0,-250.0,-249.0,-252.0,-259.0,-261.0,-261.0,-260.0,-251.0,-251.0,-261.0,-251.0,-253.0,-272.0,-267.0,-245.0,-251.0,-251.0,-259.0,-249.0,-258.0,-265.0,-265.0,-265.0,-259.0,-246.0,-246.0,-267.0,-254.0,-254.0,-260.0,-264.0,-264.0,-257.0,-248.0,-248.0,-257.0,-255.0,-255.0,-252.0,-255.0,-253.0,-260.0,-260.0,-266.0,-261.0,-265.0,-252.0,-250.0,-252.0,-263.0,-262.0,-262.0,-262.0,-262.0,-262.0,-262.0,-259.0,-259.0,-259.0,-239.0,-239.0,-249.0,-251.0,-252.0,-260.0,-260.0,-260.0,-261.0,-249.0,-249.0,-265.0,-279.0,-243.0,-248.0,-255.0,-251.0,-252.0,-255.0,-263.0,-276.0,-274.0,-261.0,-261.0,-265.0,-274.0,-270.0,-270.0,-271.0,-267.0,-269.0,-278.0,-282.0,-267.0,-256.0,-256.0,-263.0,-251.0,-253.0,-267.0,-266.0,-256.0,-257.0,-258.0,-254.0,-257.0,-261.0,-259.0,-259.0,-262.0,-260.0,-251.0,-250.0,-245.0,-245.0,-245.0,-253.0,-266.0,-263.0,-271.0,-260.0,-252.0,-271.0,-278.0,-278.0,-278.0,-272.0,-266.0,-266.0,-266.0,-266.0,-277.0,-272.0,-242.0,-242.0,-242.0,-242.0,-242.0,-260.0,-260.0,-258.0,-258.0,-259.0,-257.0,-257.0,-258.0,-259.0,-257.0,-256.0,-256.0,-261.0,-258.0,-257.0,-256.0,-256.0,-257.0,-257.0,-257.0,-257.0,-263.0,-250.0,-254.0,-252.0,-239.0,-246.0,-246.0,-237.0,-237.0,-254.0,-259.0,-260.0,-256.0,-259.0,-259.0,-259.0,-254.0,-254.0,-242.0,-249.0,-251.0,-251.0,-243.0,-270.0,-252.0,-259.0,-271.0,-254.0,-246.0,-261.0,-261.0,-257.0,-244.0,-254.0,-253.0,-244.0,-254.0,-254.0,-236.0,-247.0,-237.0,-230.0,-231.0,-237.0,-246.0,-247.0,-246.0,-253.0,-252.0,-239.0,-239.0,-239.0,-239.0,-239.0,-230.0,-224.0,-231.0,-237.0,-226.0,-224.0,-243.0,-254.0,-247.0,-249.0,-245.0,-246.0,-236.0,-242.0,-254.0,-254.0
-221.0,-222.0,-218.0,-219.0,-223.0,-226.0,-219.0,-214.0,-214.0,-214.0,-214.0,-214.0,-214.0,-214.0,-214.0,-224.0,-230.0,-230.0,-226.0,-226.0,-233.0,-225.0,-258.0,-258.0,-258.0,-257.0,-257.0,-257.0,-257.0,-250.0,-245.0,-251.0,-261.0,-261.0,-261.0,-261.0,-259.0,-254.0,-252.0,-252.0,-252.0,-251.0,-255.0,-258.0,-257.0,-252.0,-252.0,-251.0,-243.0,-244.0,-268.0,-283.0,-283.0,-266.0,-266.0,-252.0,-252.0,-252.0,-234.0,-245.0,-277.0,-273.0,-271.0,-269.0,-257.0,-249.0,-249.0,-259.0,-259.0,-259.0,-259.0,-259.0,-266.0,-262.0,-253.0,-256.0,-270.0,-268.0,-268.0,-268.0,-265.0,-277.0,-278.0,-285.0,-288.0,-280.0,-292.0,-281.0,-281.0,-281.0,-277.0,-277.0,-277.0,-274.0,-261.0,-258.0,-264.0,-269.0,-269.0,-269.0,-270.0,-276.0,-269.0,-259.0,-250.0,-257.0,-283.0,-285.0,-261.0,-263.0,-263.0,-263.0,-284.0,-280.0,-262.0,-277.0,-252.0,-252.0,-252.0,-290.0,-290.0,-279.0,-279.0,-279.0,-277.0,-277.0,-285.0,-273.0,-273.0,-273.0,-265.0,-289.0,-281.0,-270.0,-270.0,-294.0,-294.0,-283.0,-277.0,-284.0,-284.0,-280.0,-281.0,-278.0,-294.0,-292.0,-271.0,-264.0,-271.0,-275.0,-275.0,-275.0,-275.0,-275.0,-271.0,-267.0,-261.0,-261.0,-282.0,-282.0,-282.0,-288.0,-298.0,-288.0,-288.0,-277.0,-274.0,-270.0,-270.0,-280.0,-269.0,-291.0,-291.0,-291.0,-291.0,-278.0,-269.0,-270.0,-269.0,-276.0,-276.0,-269.0,-273.0,-283.0,-283.0,-283.0,-283.0,-289.0,-283.0,-279.0,-278.0,-277.0,-271.0,-271.0,-278.0,-284.0,-279.0,-282.0,-283.0,-282.0,-282.0,-276.0,-265.0,-265.0,-265.0,-279.0,-279.0,-279.0,-279.0,-286.0,-275.0,-262.0,-270.0,-270.0,-255.0,-256.0,-270.0,-273.0,-273.0,-277.0,-278.0,-278.0,-278.0,-279.0,-282.0,-270.0,-254.0,-265.0,-281.0,-281.0,-280.0,-276.0,-258.0,-266.0,-262.0,-274.0,-281.0,-281.0,-281.0,-281.0,-277.0,-277.0,-277.0,-269.0,-286.0,-286.0,-266.0,-266.0,-272.0,-272.0,-274.0,-274.0,-271.0,-271.0,-273.0,-282.0,-273.0,-255.0,-255.0,-255.0,-244.0,-244.0,-271.0,-271.0,-271.0,-271.0,-266.0,-261.0,-261.0,-279.0,-274.0,-265.0,-282.0,-271.0,-262.0,-259.0,-254.0,-254.0,-267.0,-282.0,-282.0,-257.0,-270.0,-289.0,-289.0,-267.0,-259.0,-274.0,-279.0,-275.0,-270.0,-249.0,-261.0,-269.0,-248.0,-248.0,-248.0,-248.0,-284.0,-283.0,-266.0,-266.0,-271.0,-271.0,-271.0,-271.0,-271.0,-271.0,-247.0,-250.0,-284.0,-263.0,-262.0,-252.0,-246.0,-255.0,-255.0,-255.0,-255.0,-255.0,-278.0,-278.0,-262.0,-262.0,-262.0,-262.0,-262.0,-262.0,-262.0,-279.0,-283.0,-277.0,-265.0,-264.0,-264.0,-278.0,-266.0,-263.0,-258.0,-258.0,-262.0,-277.0,-266.0,-252.0,-254.0,-261.0,-266.0,-268.0,-262.0,-262.0,-258.0,-261.0,-270.0,-276.0,-272.0,-265.0,-267.0,-275.0,-276.0,-271.0,-263.0,-263.0,-264.0,-278.0,-283.0,-278.0,-270.0,-270.0,-270.0,-270.0,-270.0,-259.0,-278.0,-263.0,-262.0,-262.0,-262.0,-262.0,-252.0,-252.0,-252.0,-252.0,-252.0,-265.0
